sample_id,dataset,emotion,pitch_mean,pitch_std,rms_mean,rms_std,zcr_mean,zcr_std,pause_ratio,voiced_ratio
s011121,SAVEE,angry,192.912936971539,50.883428208281984,0.2835316420554189,0.1945192781948774,0.11273605253067484,0.10916036922451187,0.08024691358024694,0.754601226993865
s001102,CREMA-D,angry,0.0,0.0,0.07096912818108227,0.07513845984943548,0.10716054137323944,0.08972552006757412,0.0,0.0
s005225,CREMA-D,angry,452.9740537646879,205.16634879300528,0.24773028176888578,0.1520060253078183,0.15380859375,0.0858120179817474,0.0,0.8524590163934426
s004078,CREMA-D,angry,195.58473007257933,23.330972688036784,0.11426600050586073,0.08789637540686697,0.09749702785326086,0.036350770623232505,0.0888888888888889,0.6086956521739131
s003327,CREMA-D,angry,262.8785925078841,71.14235226555299,0.07553222625819819,0.06714201344067738,0.11839997366573034,0.09456036013075386,0.03409090909090906,0.550561797752809
s009757,TESS,angry,243.13462218939958,28.71631210576051,0.09222309744384671,0.07169892266928278,0.30375279017857143,0.2460370782537061,0.01429089792614513,0.6428571428571429
s004305,CREMA-D,angry,153.22849391516522,65.5176604610876,0.0631324178668567,0.07052997481387016,0.17616780598958334,0.1741785703037065,0.013890772945549301,0.18055555555555555
s003813,CREMA-D,angry,0.0,0.0,0.08398044251260303,0.0654066656537894,0.1414853050595238,0.11208853429765775,0.0,0.0
s003157,CREMA-D,angry,237.02777588354866,25.429603772903963,0.20209753218734142,0.14194514449238543,0.20396205357142858,0.14250702187473677,0.0,0.8367346938775511
s005775,CREMA-D,angry,247.8853632764113,56.2709908019824,0.0772032145770234,0.07082150898910426,0.11070278234649122,0.04756686863881427,0.0892857142857143,0.6491228070175439
s004591,CREMA-D,angry,150.61127942644532,38.48799261824575,0.07947039376323421,0.07023545050576295,0.09259765625,0.03507419895554348,0.06756756756756754,0.7333333333333333
s009793,TESS,angry,249.68661085089997,39.21431509333875,0.11070408184605185,0.08654305614963051,0.23203277587890625,0.21313971514269417,0.0,0.671875
s006695,CREMA-D,angry,188.85170952736843,37.05335408934617,0.1247280932103212,0.08527860140577614,0.11960073617788461,0.059341774533205445,0.0,0.4807692307692308
s005107,CREMA-D,angry,229.18070793694173,34.123541141807394,0.23866788145370674,0.13381709391705449,0.09128028759057971,0.03897047478418095,0.0,0.8115942028985508
s008525,TESS,angry,265.9337518936481,32.18366244402218,0.14214636402373965,0.10067320895055362,0.10943048650568182,0.09840649841352846,0.04615315274710419,0.8181818181818182
s003637,CREMA-D,angry,121.39739076210557,25.537681069485608,0.09552225527402601,0.08204992869015137,0.09894634046052632,0.09423546938419967,0.0,0.30526315789473685
s006841,CREMA-D,angry,137.7583642454538,36.30159392569011,0.05916231582029108,0.05737805487477654,0.07807893573113207,0.05712077663924534,0.0,0.5943396226415094
s000815,RAVDESS,angry,183.65319895539122,31.072702636197494,0.08461123004454715,0.08387695911800998,0.10914556664156627,0.1362992927028999,0.20731707317073167,0.5662650602409639
s000988,RAVDESS,angry,219.83011208164302,34.6993696680442,0.13100357458177136,0.06613978955770615,0.12517863948170732,0.05496028228337582,0.0,0.7804878048780488
s000159,RAVDESS,angry,423.9019076813272,116.15925272303686,0.09219827693110953,0.051844813602249455,0.24539388020833333,0.18344431249101745,0.016949152542372836,0.7333333333333333
s002231,CREMA-D,angry,151.28133030569057,40.91849351656512,0.11606795810318242,0.10038454944016975,0.0669097900390625,0.02473939458457152,0.0,0.7604166666666666
s009723,TESS,angry,248.24911708255246,45.747105761335106,0.09584490673111404,0.06502867198503647,0.15376721398305085,0.09057955862339083,0.03448275862068961,0.8813559322033898
s000465,RAVDESS,angry,307.1608182447044,45.41131031367617,0.15644654328576646,0.0771492801688603,0.12759915865384616,0.054791570395262224,0.0,0.8
s003012,CREMA-D,angry,195.65406615512427,48.19798712607289,0.10837746041989516,0.09442138536856343,0.06346881200396826,0.03435181247853101,0.0,0.5079365079365079
s002829,CREMA-D,angry,236.81599578005353,43.0194826822709,0.1439788706825468,0.12171263236291434,0.34098868534482757,0.24234098214054742,0.0,0.6896551724137931
s008572,TESS,angry,268.43238795659767,28.40774479754438,0.13513263596428765,0.11173650943322957,0.11200086805555555,0.07709940760877956,0.06818181818181823,0.8666666666666667
s008598,TESS,angry,275.4308947310639,19.606320319696717,0.14840089428859451,0.09591153851969896,0.11113484700520833,0.09783993241786568,0.0,0.7916666666666666
s008618,TESS,angry,248.62060620316487,34.71730523006377,0.1617528899488124,0.10867631256467293,0.10795454545454546,0.11137434531052505,0.0,0.75
s011009,SAVEE,angry,169.90016118031335,25.284640282232342,0.3854711074382067,0.17304035493248435,0.06621476715686274,0.014266911075243941,0.0,0.8235294117647058
s009755,TESS,angry,274.76549154698506,46.39585071690339,0.0765434592560103,0.06898565585248255,0.3004335345643939,0.23867084949867373,0.10661272570425673,0.5606060606060606
s011136,SAVEE,disgust,147.6366956931644,33.07869784038704,0.10712225019268579,0.10450765109178421,0.12436671401515151,0.09940912090585305,0.1402439024390244,0.7636363636363637
s001103,CREMA-D,disgust,124.2157352566132,27.215103068191084,0.09476021021031417,0.08317887524408202,0.09950420673076923,0.08793879273668424,0.0,0.35384615384615387
s005228,CREMA-D,disgust,134.6236080319561,35.78779120003614,0.06517445208090875,0.06739716442809489,0.079052734375,0.07883765971306694,0.0,0.6333333333333333
s004081,CREMA-D,disgust,207.33886926165886,10.597787123331951,0.08612073524153396,0.07516749753927422,0.0812687285958904,0.045428671511009294,0.0,0.3013698630136986
s003328,CREMA-D,disgust,182.62405039231567,52.74880715358968,0.09074925412532202,0.05597141428138778,0.07240188953488372,0.04930362423730122,0.0,0.7906976744186046
s009957,TESS,disgust,208.14660913742281,53.77112636269996,0.13379246065340622,0.1077128377903456,0.19996836487676056,0.20376146367484982,0.014285714285714235,0.647887323943662
s004306,CREMA-D,disgust,144.18419022198069,1.947732027298138,0.08883095619579157,0.06683465768641982,0.16080186631944443,0.17659999974734558,0.0,0.06666666666666667
s003814,CREMA-D,disgust,84.85333302236975,15.382647742878817,0.054307282835777314,0.062145718378331834,0.12762160528273808,0.11033784686443335,0.0,0.2857142857142857
s003158,CREMA-D,disgust,75.85971178639477,0.3270419429791096,0.0689552129091074,0.05709392908428682,0.16176350911458334,0.16679769446801757,0.0,0.08333333333333333
s005776,CREMA-D,disgust,186.9010953347539,54.62297357478712,0.08374355127599752,0.0692429176485793,0.07223824474299065,0.03446125056209578,0.0,0.3177570093457944
s004592,CREMA-D,disgust,109.49485835102125,8.96662741169703,0.0657191106238135,0.0637363357451679,0.0717241646039604,0.030031519546632957,0.0,0.6138613861386139
s009993,TESS,disgust,216.33368204007016,59.50820395073113,0.12234086181286355,0.09469002804071953,0.19084231954225353,0.21958815953414446,0.042857142857142816,0.4647887323943662
s006696,CREMA-D,disgust,164.68061183037474,17.625022326435033,0.08465863079313309,0.08022150486545003,0.07154632896505377,0.04404394263569404,0.0,0.1827956989247312
s005108,CREMA-D,disgust,108.10817802884594,16.756923151053243,0.0743090176411594,0.06478383965894784,0.0663330078125,0.037194974452667756,0.0,0.65
s008725,TESS,disgust,256.13784374493923,174.2457442001961,0.11234541012074899,0.08280841403539761,0.13093855574324326,0.1838914021673182,0.013639875323014583,0.5675675675675675
s003638,CREMA-D,disgust,109.2255894880832,14.475531017292624,0.1292129389228339,0.07145044723787147,0.07452522440159574,0.051692447389488805,0.0,0.26595744680851063
s006842,CREMA-D,disgust,106.07519551965416,8.207705573387441,0.07033250338651917,0.04255717962633726,0.0641512784090909,0.0390793632489564,0.0,0.22727272727272727
s000831,RAVDESS,disgust,339.9534911976361,462.1680211002106,0.07968069969861429,0.07761520734903912,0.2091864224137931,0.1820350063094918,0.2093023255813954,0.6896551724137931
s001004,RAVDESS,disgust,131.17555456547083,18.929026773826557,0.10638748099676,0.06137132831460231,0.14662256780660377,0.09257089133264587,0.019230769230769273,0.8301886792452831
s000175,RAVDESS,disgust,304.91537237394755,52.033834865602905,0.1160853129433657,0.08232602490859463,0.20906929347826086,0.20483221871623872,0.044117647058823484,0.6666666666666666
s002232,CREMA-D,disgust,168.68222071381928,50.08034983551475,0.11872920699501305,0.10033354213580097,0.05196080582865169,0.025288480700447914,0.0,0.7191011235955056
s009923,TESS,disgust,234.3729577445309,56.097521302334584,0.10806719094870386,0.08137922058905145,0.17072687922297297,0.18169233047836963,0.0821917808219178,0.4594594594594595
s000481,RAVDESS,disgust,147.93697372836488,26.12758264481194,0.15371917903663987,0.10350803982230516,0.13748683286516855,0.11541226107367665,0.14628249928573,0.5955056179775281
s003015,CREMA-D,disgust,211.47932132406422,17.03815135164785,0.12153805130057865,0.04959577762799999,0.07096354166666667,0.053659520054460445,0.0,0.18888888888888888
s002830,CREMA-D,disgust,151.45687002729605,43.86784509869295,0.09170710092913063,0.08413610206915553,0.25243365575396826,0.2323264313621394,0.0,0.2857142857142857
s008772,TESS,disgust,170.97913663369073,16.707578176623873,0.12685267989964863,0.09664113050956569,0.14554636101973684,0.19885819289371756,0.03955908107551254,0.5394736842105263
s008798,TESS,disgust,178.11387313831116,33.51423564964056,0.09706935007125139,0.07881806968496928,0.12714192708333333,0.1746718080069707,0.013513513513513487,0.64
s008818,TESS,disgust,185.3286996608639,26.80141779412995,0.12403292691867267,0.10186899034275292,0.15378766741071428,0.1945485098874472,0.01449275362318836,0.7142857142857143
s011024,SAVEE,disgust,143.87965404140252,22.754382146470583,0.1172272201627493,0.08670603494181676,0.15493706597222223,0.17616030883330477,0.0,0.6444444444444445
s009955,TESS,disgust,235.6182742687239,59.97222373236221,0.11716926405583886,0.10276064274748317,0.21861143369932431,0.20053780649128072,0.13604719136950627,0.2972972972972973
s011151,SAVEE,fear,265.8520185483266,43.482443194700615,0.23890514733202214,0.1793226347340694,0.09918803553427419,0.10201275949860703,0.024390243902439046,0.8548387096774194
s001104,CREMA-D,fear,149.4775787294468,20.318971754069132,0.06325219520300195,0.07802482074431903,0.11306187726449275,0.10203351290415225,0.0,0.2753623188405797
s005231,CREMA-D,fear,350.7572872995387,75.9280846490631,0.17784889534232207,0.11903945069335518,0.1212615966796875,0.034378478432355544,0.032258064516129004,1.0
s004084,CREMA-D,fear,0.0,0.0,0.14223505184054375,0.04232007759820101,0.05926513671875,0.02668339481539278,0.0,0.0
s003329,CREMA-D,fear,367.0638906442372,67.6944933564388,0.15680526727917551,0.09133737885972268,0.0688195941091954,0.03783147448852684,0.0,0.6666666666666666
s010157,TESS,fear,288.75866699690937,86.49475993204803,0.12201416345002751,0.0760739743540685,0.2572509765625,0.18612855610845927,0.05084745762711862,0.65
s004307,CREMA-D,fear,200.19230347391004,60.9122635939809,0.08157285522228401,0.08158153155046632,0.12507709703947367,0.13791558401406026,0.0,0.5
s003815,CREMA-D,fear,0.0,0.0,0.09445167779922485,0.07415717510932432,0.087628173828125,0.0700666981676274,0.0,0.0
s003159,CREMA-D,fear,202.2105750958574,22.007437551795174,0.06799254573783592,0.06583147751205629,0.19774105674342105,0.1623267994704793,0.08108108108108103,0.5263157894736842
s005777,CREMA-D,fear,228.42487920508057,63.232221285898895,0.04157138720891157,0.04464844056320118,0.08544354106104651,0.03592725510834435,0.10588235294117643,0.6627906976744186
s004593,CREMA-D,fear,105.56766356859444,12.509543516877427,0.05644052499986213,0.04235885411384385,0.06305197010869565,0.029325805302227406,0.0,0.532608695652174
s010193,TESS,fear,321.447063243014,43.50812945775884,0.12910562460222896,0.11151502045698401,0.2231537441037736,0.19521446192928588,0.0,0.6226415094339622
s006697,CREMA-D,fear,116.26162707494161,26.58297580138166,0.06218751650775158,0.06382704315569426,0.06181393393987342,0.0302055242233449,0.0,0.620253164556962
s005109,CREMA-D,fear,158.49015107124063,32.09238550350999,0.11296394327655435,0.09691174691422741,0.074505615234375,0.03650736684708821,0.0,0.7
s008925,TESS,fear,302.6111161946604,23.775085354226373,0.18271932443198952,0.09609455412339755,0.10556428328804347,0.1325581886898827,0.0,0.9130434782608695
s003639,CREMA-D,fear,121.76546259496595,13.229599274165711,0.08513425686135051,0.0655713691822123,0.07400478405898876,0.05018896522462038,0.0,0.6404494382022472
s006843,CREMA-D,fear,101.9360612129454,13.053117779594592,0.08792879260347589,0.06586457497679549,0.05692191745923913,0.018024361940133172,0.0,0.5108695652173914
s000823,RAVDESS,fear,154.08783742452042,22.777712596570165,0.1365887891087267,0.07196706269658419,0.1902488425925926,0.198231147107548,0.0,0.7777777777777778
s000996,RAVDESS,fear,150.09142143773278,18.976445933691462,0.1373916139806776,0.07586821239411733,0.13023885091145834,0.08229698491415578,0.0,0.9583333333333334
s000167,RAVDESS,fear,454.4056198788523,77.42957115273103,0.13906913007609545,0.07083717535030297,0.188359375,0.1326320206404544,0.020408163265306145,0.88
s002233,CREMA-D,fear,174.1580112103769,18.874856777272743,0.0842596091137364,0.0838549043886755,0.07133957435344827,0.04056671538382143,0.0,0.3103448275862069
s010123,TESS,fear,316.1479300224057,36.63711299353508,0.1774919939802048,0.10823126498786721,0.1829080784574468,0.1746104876722185,0.021324448146605612,0.8085106382978723
s000473,RAVDESS,fear,255.68401674301407,21.40305331996061,0.16037260098594494,0.08661932145000867,0.09937633167613637,0.05694864531947786,0.0,0.8863636363636364
s003018,CREMA-D,fear,143.0446718850336,50.702552291417874,0.11740041058510542,0.06097025008100923,0.0523223876953125,0.024404837136905156,0.0,0.4583333333333333
s002831,CREMA-D,fear,121.33462857287014,22.468022321687734,0.09073208551853895,0.08476681274553557,0.14769720262096775,0.15484647718553377,0.0,0.5806451612903226
s008972,TESS,fear,281.4811169509237,18.05879676381759,0.12408535921946168,0.07667622016901038,0.128623046875,0.15682250128515446,0.0,0.88
s008998,TESS,fear,292.0329819363323,28.575142677527825,0.1350045305798235,0.07604028084599825,0.12744140625,0.1640261655264029,0.0,0.8913043478260869
s009018,TESS,fear,301.6989527802888,18.87978348418464,0.1682364063218553,0.11557207684531694,0.11168134973404255,0.1625007636284144,0.021739130434782594,0.851063829787234
s011039,SAVEE,fear,254.25252137907736,33.9961029429156,0.1486021892746865,0.08557231019725804,0.14158369855182926,0.14159672570459655,0.012345679012345734,0.6097560975609756
s010155,TESS,fear,306.674800472026,59.977106346329364,0.11583763313548709,0.07310516562259466,0.2211281105324074,0.16767364644222846,0.018867924528301883,0.5555555555555556
s011166,SAVEE,happy,221.03597288783456,69.74651585428737,0.2115232116960246,0.1303577773486912,0.10841527478448276,0.11108132425636653,0.01388888888888884,0.6551724137931034
s001105,CREMA-D,happy,68.51999655689914,1.6685182224793613,0.06251890807142181,0.06309286705823676,0.10529548891129033,0.09683604084306938,0.0,0.11290322580645161
s005234,CREMA-D,happy,244.36905324612067,36.88560752402682,0.12807268202852676,0.08359886293533064,0.09948012408088236,0.02922313522246636,0.0,0.8823529411764706
s004087,CREMA-D,happy,0.0,0.0,0.08787860317299,0.06193315744876799,0.06517427884615384,0.028155619289239868,0.0,0.0
s003330,CREMA-D,happy,329.9045208708109,95.3009543483915,0.15826663892029932,0.11394824774081862,0.080322265625,0.06092694457523712,0.0,0.7105263157894737
s010357,TESS,happy,271.0848290862146,60.563605613077485,0.13638150260417856,0.08338171323703258,0.14691162109375,0.07978885853490764,0.0,0.9821428571428571
s004308,CREMA-D,happy,201.1863205781123,23.432119799418025,0.07164949958065622,0.05982582672977736,0.13306949013157895,0.1449300216024619,0.0,0.35526315789473684
s003816,CREMA-D,happy,0.0,0.0,0.07128556835991533,0.07868408556488143,0.10908309273097826,0.10558262719686638,0.0,0.0
s003160,CREMA-D,happy,0.0,0.0,0.09334540417099871,0.07285455048128683,0.22052448551829268,0.17886178209793968,0.025000000000000022,0.0
s005778,CREMA-D,happy,174.1887881100578,46.69699995369397,0.06395046124906884,0.07011671335971864,0.07529598904639176,0.03372549050048329,0.0,0.5773195876288659
s004594,CREMA-D,happy,167.06902185838138,51.43956524003492,0.0563566785966677,0.05151034371266591,0.06124516969086022,0.02101060626149326,0.0,0.6021505376344086
s010393,TESS,happy,285.0176356826521,63.1877834749377,0.12183029478068884,0.08343682934129797,0.17467064950980393,0.19671721889249805,0.020000000000000018,0.8627450980392157
s006698,CREMA-D,happy,160.39280964027242,50.343632185491586,0.09610033021049781,0.10178923266847993,0.07810465494791667,0.04275733784112947,0.013890772945549301,0.6805555555555556
s005110,CREMA-D,happy,144.16326547747533,37.55838790050852,0.06532083462493923,0.051100836025287366,0.058712690304487176,0.0267814057742199,0.0,0.6410256410256411
s009125,TESS,happy,252.23244990004798,77.20904436841025,0.15415158119724423,0.09448660836182861,0.12342309170081968,0.17999883136827252,0.0,0.8032786885245902
s003640,CREMA-D,happy,111.52232370767548,14.189742187598693,0.0965520723106025,0.08567988631219388,0.06790280032467533,0.04274197834145105,0.0,0.45454545454545453
s006844,CREMA-D,happy,130.43129169756355,19.208862411310463,0.0769644082350613,0.07061322864968463,0.06619049781976744,0.0352646375446217,0.0,0.29069767441860467
s000799,RAVDESS,happy,160.69634398599837,12.942841468753022,0.10348887890035108,0.075790254034556,0.10431159032534247,0.10596150083098035,0.08333333333333337,0.6164383561643836
s000972,RAVDESS,happy,217.186996411502,34.74036360248974,0.17854089762808548,0.07886237833518343,0.10904947916666667,0.06818321175226788,0.0,0.7333333333333333
s000143,RAVDESS,happy,403.684514702311,59.5038521602577,0.11366551460110043,0.06503091833916508,0.21068050986842105,0.1518603331747482,0.0,0.7368421052631579
s002234,CREMA-D,happy,206.20933993984806,42.30043390956036,0.11823909856000189,0.0969110972201461,0.0635841498940678,0.02408982049435345,0.0,0.423728813559322
s010323,TESS,happy,280.25359492332547,58.87213182466675,0.13184281293188735,0.07357065773511307,0.13952885841836735,0.08578832304637328,0.020482457894947403,0.9795918367346939
s000449,RAVDESS,happy,195.03258185456806,39.909658004929284,0.10870888335297682,0.07051321944524361,0.11021205357142858,0.07855502520909345,0.0,0.8928571428571429
s003021,CREMA-D,happy,0.0,0.0,0.08421295231038874,0.0614648056044575,0.061976207386363634,0.04252639996492518,0.0,0.0
s002832,CREMA-D,happy,184.2893452144313,37.13121605985593,0.08764228914191739,0.06785106438195321,0.1455756293402778,0.1520000026007222,0.0,0.75
s009172,TESS,happy,284.0984569686699,79.58450945462802,0.12790592726127342,0.08009008502654001,0.1348161368534483,0.1790452701565102,0.0348560147048812,0.7931034482758621
s009198,TESS,happy,208.4271599381715,37.05732764868096,0.17408824456727195,0.09137756638118281,0.13670191271551724,0.18413385254561496,0.0,0.4827586206896552
s009218,TESS,happy,247.56015559279393,77.5358596884725,0.1201217869564778,0.08561629146638805,0.1281442353219697,0.19543076380711022,0.06153846153846154,0.6060606060606061
s011054,SAVEE,happy,220.24958303992938,49.627677425238055,0.16493100785167822,0.13011500671813073,0.13323018637048192,0.125601782208507,0.03658536585365857,0.7951807228915663
s010355,TESS,happy,281.26850920816827,57.83064839240127,0.13998366254548142,0.10310841109360462,0.18707275390625,0.1561922801218586,0.054545454545454564,0.8214285714285714
s010983,SAVEE,neutral,134.69946638718812,22.208680591044725,0.14036971162576442,0.10360607442843991,0.04629691989942529,0.06582378015379922,0.011627906976744207,0.9195402298850575
s007658,CREMA-D,neutral,112.21202378944272,10.671676865036952,0.10026066351149764,0.06652071562171066,0.06704672280844155,0.031157046676760065,0.0,0.44155844155844154
s008010,CREMA-D,neutral,99.31307585122806,22.474265049526476,0.07902228712277898,0.07092341684552939,0.0782905190677966,0.055111228415868144,0.0,0.7966101694915254
s003843,CREMA-D,neutral,143.37815273768382,48.744476665356025,0.09203507710734139,0.06638602859680258,0.06385161911231885,0.018515379433394406,0.0,0.5362318840579711
s010966,SAVEE,neutral,134.45052354931997,21.33947480080217,0.10986333776767669,0.05966461752154364,0.09895101825842696,0.10712443211948237,0.0,0.8764044943820225
s007103,CREMA-D,neutral,190.6116995721093,29.60639374465371,0.06409484083719906,0.0503726547509982,0.08347865513392858,0.05503797508348639,0.0,0.7380952380952381
s002941,CREMA-D,neutral,201.43896353708539,24.025814539162788,0.10827499348670244,0.07734570172618123,0.061957465277777776,0.04212245837431941,0.0,0.875
s004027,CREMA-D,neutral,178.4926138962657,42.833352481307585,0.10905545130372048,0.06319309587291429,0.08212139423076924,0.06682218989808641,0.0,0.9230769230769231
s005503,CREMA-D,neutral,196.28210121301876,52.84031460133727,0.09556979116141087,0.05996292513822337,0.08686755952380952,0.08424273891106093,0.0,0.75
s009317,TESS,neutral,189.5059088978091,6.71819110684028,0.20034771884481112,0.11940277418340658,0.10716959635416666,0.11148258640559768,0.0,0.7833333333333333
s000267,RAVDESS,neutral,113.9461618885353,19.206472238099295,0.10449987160973251,0.06245559971019035,0.138336181640625,0.16508871099160463,0.0,0.953125
s006043,CREMA-D,neutral,131.36408450058877,42.979337622555654,0.08075238173478283,0.08153887006396565,0.05971527099609375,0.01843598789696312,0.0,0.796875
s001627,CREMA-D,neutral,187.71986062088453,37.06594142362403,0.08871151118056618,0.07425241942514788,0.06054331090328467,0.035610436141907106,0.0,0.8832116788321168
s010591,TESS,neutral,192.85278868917658,3.9336849389680144,0.1913016407883593,0.1085998212438428,0.14976283482142858,0.1983444529437462,0.0,0.7777777777777778
s003735,CREMA-D,neutral,129.246958909529,19.88606858180935,0.06324864606614466,0.06375102263207107,0.13040726273148148,0.1283441719410753,0.0,0.4074074074074074
s006493,CREMA-D,neutral,149.61879113287344,23.5622709442073,0.10935159022177475,0.0878993930853652,0.05318019701086957,0.01142908289526591,0.0,0.6811594202898551
s006639,CREMA-D,neutral,125.86128390665682,17.207261072277287,0.11251449154625678,0.09453428639648848,0.057389884159482756,0.021404866009830763,0.10526315789473684,0.603448275862069
s008188,CREMA-D,neutral,91.20530299504924,15.56345889146379,0.09884784589795505,0.04276280209573135,0.06224867876838235,0.065811103454745,0.0,0.9558823529411765
s002791,CREMA-D,neutral,113.15136403970486,13.618808438599128,0.07939921365539124,0.06562210119154394,0.07361242273351648,0.026075963121918403,0.0,0.5164835164835165
s011090,SAVEE,neutral,125.3298137981194,11.10593257592504,0.12306009609407435,0.09023821855976287,0.10352337549603174,0.08485697680620921,0.17600000000000005,0.8650793650793651
s004015,CREMA-D,neutral,160.08898611875935,19.871549283547242,0.14060014694173267,0.10010880353998333,0.05596127717391304,0.018277416130371545,0.0,0.6811594202898551
s005773,CREMA-D,neutral,199.65002804261593,44.517647954988284,0.11627973479397119,0.08452669024067666,0.07717440990691489,0.04524347989185733,0.0,0.5851063829787234
s004929,CREMA-D,neutral,136.36169253017968,32.851260295017546,0.04182068567723036,0.04840386041496186,0.09705729166666667,0.09083520729861655,0.0,0.6533333333333333
s010617,TESS,neutral,201.50593814090777,3.8132279761091756,0.1946022038361715,0.11678897655581098,0.13542624080882354,0.172716635423167,0.07378584810491429,0.8235294117647058
s004841,CREMA-D,neutral,189.745341651687,63.942417083420956,0.07768188671154135,0.05857634452149988,0.0693359375,0.031824552220313135,0.0,0.5882352941176471
s002353,CREMA-D,neutral,122.88011153828029,9.904304569490646,0.07141890410724798,0.06943654934918361,0.08495490933641975,0.08842878251788297,0.0,0.2222222222222222
s001293,CREMA-D,neutral,222.32992513287326,12.551729574032356,0.11758887295231775,0.061290948801305735,0.1487087673611111,0.17296763379233315,0.0,0.7685185185185185
s003407,CREMA-D,neutral,254.2538016338916,44.2741041663254,0.09248748879160798,0.06932854814266595,0.21114309210526316,0.1899609921464718,0.0,0.38596491228070173
s010682,TESS,neutral,189.11646574142657,4.9805823086316625,0.2075598237358711,0.10994203657010677,0.11956972064393939,0.15095285852553686,0.0,0.9242424242424242
s003729,CREMA-D,neutral,97.45751847081678,10.399409494194835,0.05514720060511843,0.05241591349259107,0.07049639813311688,0.02835102268639052,0.0,0.7272727272727273
s011212,SAVEE,sad,119.04536575362027,13.717159818423665,0.0914318989490591,0.07340790860831907,0.10638467626633986,0.11019516326327537,0.07894736842105265,0.6535947712418301
s001113,CREMA-D,sad,93.64283461597591,11.860242647057843,0.06507197093580747,0.05778994649159047,0.07505289713541667,0.04745446218963021,0.0,0.4722222222222222
s005238,CREMA-D,sad,167.6225499441939,11.514313784752005,0.10949734756547325,0.05538055523449972,0.052522479363207544,0.013343847919237246,0.0,0.10377358490566038
s004091,CREMA-D,sad,95.71120360596584,9.783865717922767,0.1273878999054432,0.040225640176510986,0.06159803602430555,0.028035530164521327,0.0,0.2638888888888889
s003332,CREMA-D,sad,226.34100902708445,51.46316018636688,0.07599973737533335,0.06360878573310891,0.0608126483386076,0.025089162555940712,0.0,0.5063291139240507
s010758,TESS,sad,214.50917204518817,35.78489264480147,0.17707853970131365,0.10554141845379626,0.13729194972826086,0.21979403019712657,0.0,0.7681159420289855
s004310,CREMA-D,sad,84.37377334705447,15.01148788112803,0.1721548569021803,0.05909839208148823,0.1386422821969697,0.14078017073888185,0.0,0.18181818181818182
s003818,CREMA-D,sad,0.0,0.0,0.0815834928303957,0.05111339898692613,0.08294677734375,0.0653625770402791,0.0,0.0
s003162,CREMA-D,sad,0.0,0.0,0.09654580517893746,0.05475971905556587,0.12024894593253968,0.12209564488974062,0.0,0.0
s005780,CREMA-D,sad,140.65582152240734,48.76522435192159,0.11061286968018474,0.06322107470713285,0.07170578529094827,0.03522314112982899,0.0,0.5258620689655172
s004602,CREMA-D,sad,129.48460715577838,11.417875183465899,0.16090758618983356,0.09777941845438687,0.08402876420454546,0.0832417824783289,0.0,0.44155844155844154
s010794,TESS,sad,220.03955980206902,37.1451545242695,0.14890627251265365,0.10544857510101095,0.1503228081597222,0.22448029876381553,0.014084507042253502,0.75
s006700,CREMA-D,sad,124.63731243973622,12.508801851712986,0.0954188589829129,0.08977260755703752,0.06733208198051949,0.027937640107906034,0.0,0.2857142857142857
s005112,CREMA-D,sad,108.17999856705691,9.33934333315958,0.08488857487314626,0.06368829287878212,0.05233861019736842,0.02108576451142055,0.0,0.8421052631578947
s009526,TESS,sad,198.66670261078576,38.69413062785533,0.18192455469845578,0.12649302804162066,0.09820087139423077,0.13623731153335283,0.0,0.6794871794871795
s003642,CREMA-D,sad,106.50526777039644,9.428366629242978,0.09939158051698045,0.06734432405993986,0.06340997869318182,0.043299024030177366,0.0,0.42045454545454547
s006846,CREMA-D,sad,0.0,0.0,0.13665964717816825,0.057143950690417104,0.050687539457070704,0.019957504010966076,0.0,0.0
s000807,RAVDESS,sad,105.67580700363814,14.431953555000407,0.1470913191093132,0.07800356368458342,0.0833984375,0.1132591068067297,0.016949152542372836,0.95
s000980,RAVDESS,sad,126.78392897423049,15.788481431962174,0.12140826671807603,0.06638482700815605,0.10232599431818182,0.06821430703812341,0.0,0.9090909090909091
s000320,RAVDESS,sad,229.2257186010795,26.47364619988097,0.16191295255650429,0.1169575821845355,0.12457540760869565,0.10459150659293552,0.11764705882352944,0.8260869565217391
s002242,CREMA-D,sad,105.95848700574611,17.113697135428477,0.1297093818200306,0.06834227007092053,0.054632482394366196,0.020984583166112687,0.0,0.2676056338028169
s010724,TESS,sad,218.17947779695066,35.72079423648712,0.1709825217190698,0.12215478305164539,0.17132302989130435,0.23278225997300023,0.044117647058823484,0.782608695652174
s000458,RAVDESS,sad,183.51269867854108,22.78181598681088,0.1498274285986554,0.06772686051111787,0.11652628580729167,0.12196917561571297,0.0,0.8958333333333334
s003025,CREMA-D,sad,205.56799404437868,17.490510146053502,0.12748747790122733,0.052259921289600435,0.05434283088235294,0.03713894154078008,0.0,0.5294117647058824
s002834,CREMA-D,sad,174.1170609283742,12.654801816806895,0.12044866494834423,0.06176867299984538,0.142767333984375,0.14456375362295498,0.0,0.2
s009573,TESS,sad,191.87944857436068,24.53944260451735,0.16046356882263973,0.11385989210375275,0.12555973704268292,0.1601222090608953,0.0,0.5609756097560976
s009599,TESS,sad,193.5074259815889,34.736868807463175,0.20374417371515716,0.11381500159971414,0.08335658482142858,0.12501059376985477,0.0,0.7619047619047619
s009619,TESS,sad,194.6288473607782,27.074837624131636,0.12481370196804743,0.10227245508524915,0.09959827769886363,0.1432736956427386,0.011494252873563204,0.5454545454545454
s011100,SAVEE,sad,177.4799939385315,24.58611544511117,0.21043885143643076,0.11663474381600766,0.12952769886363635,0.12149436648531628,0.03076923076923077,0.9090909090909091
s010756,TESS,sad,218.5422418382658,37.12509728599817,0.18062295311723242,0.10413784696524836,0.14015891335227273,0.20049820086061404,0.0,0.7727272727272727
