sample_id,dataset,emotion,split,pitch_mean,pitch_std,voiced_ratio,rms_mean,rms_std,zcr_mean,zcr_std,pause_ratio,pause_count,speaking_continuity
s011121,SAVEE,angry,train,192.912936971539,50.883428208281984,0.754601226993865,0.2580637241724449,0.22802613260388008,0.11330829326923077,0.12664896013325086,0.08024691358024694,5,0.9197530864197531
s001102,CREMA-D,angry,test,0.0,0.0,0.0,0.06848379873822555,0.07790243904580699,0.1079759530141844,0.0977134629173451,0.0,0,1.0
s005225,CREMA-D,angry,train,452.9740537646879,205.16634879300528,0.8524590163934426,0.2358862052687005,0.17184842259841482,0.15525729597107438,0.10131324080352849,0.0,0,1.0
s004078,CREMA-D,angry,train,195.58473007257933,23.330972688036784,0.6086956521739131,0.1096705013456253,0.09478313136257094,0.0987079326923077,0.04135056863753939,0.0888888888888889,1,0.9111111111111111
s003327,CREMA-D,angry,train,262.8785925078841,71.14235226555299,0.550561797752809,0.07067614567787045,0.0726359436158399,0.11915717690677965,0.10232413403564164,0.03409090909090906,0,0.9659090909090909
s009757,TESS,angry,train,243.13462218939958,28.71631210576051,0.6428571428571429,0.08900222380845142,0.07567401345604678,0.30894252232142855,0.26193419926830935,0.01429089792614513,1,0.9857091020738549
s004305,CREMA-D,angry,train,153.22849391516522,65.5176604610876,0.18055555555555555,0.05926334633517803,0.07381750804242562,0.1765068901909722,0.19556071286203508,0.013890772945549301,0,0.9861092270544507
s003813,CREMA-D,angry,train,0.0,0.0,0.0,0.08124831383900037,0.06881240355872398,0.1421053447420635,0.12664079730181177,0.0,0,1.0
s003157,CREMA-D,angry,train,237.02777588354866,25.429603772903963,0.8367346938775511,0.18877467236568019,0.16119865213087256,0.20659834085051546,0.16803528689098346,0.0,0,1.0
s005775,CREMA-D,angry,train,247.8853632764113,56.2709908019824,0.6491228070175439,0.07279317567240348,0.07599113699761732,0.11207134955752213,0.0580943054144896,0.0892857142857143,1,0.9107142857142857
s004591,CREMA-D,angry,validation,150.61127942644532,38.48799261824575,0.7333333333333333,0.07320733608102939,0.0772328983102339,0.09344851090604027,0.04487381896668794,0.06756756756756754,1,0.9324324324324325
s009793,TESS,angry,train,249.68661085089997,39.21431509333875,0.671875,0.10607444843017005,0.09299935689205192,0.23572065698818898,0.2280701193346462,0.0,0,1.0
s006695,CREMA-D,angry,train,188.85170952736843,37.05335408934617,0.4807692307692308,0.11707299076093053,0.0966720427562853,0.12091360740291263,0.07711893786905148,0.0,0,1.0
s005107,CREMA-D,angry,train,229.18070793694173,34.123541141807394,0.8115942028985508,0.22781827395958623,0.15334906433387555,0.09212477189781022,0.05234621254303149,0.0,0,1.0
s008525,TESS,angry,validation,265.9337518936481,32.18366244402218,0.8181818181818182,0.13385345263342405,0.11302220315557529,0.11069953304597702,0.11747403616311955,0.04615315274710419,1,0.9538468472528958
s003637,CREMA-D,angry,test,121.39739076210557,25.537681069485608,0.30526315789473685,0.09117182516737989,0.08687399191748037,0.09910567434210527,0.10269571789237332,0.0,0,1.0
s006841,CREMA-D,angry,test,137.7583642454538,36.30159392569011,0.5943396226415094,0.05575112027879716,0.060964437175066784,0.07849988892180094,0.06406500263992532,0.0,0,1.0
s000815,RAVDESS,angry,train,183.65319895539122,31.072702636197494,0.5662650602409639,0.0805628859078173,0.08826550928975928,0.10986624053030303,0.15047225685388957,0.20731707317073167,1,0.7926829268292683
s000988,RAVDESS,angry,train,219.83011208164302,34.6993696680442,0.7804878048780488,0.12270165914540282,0.08213860047864482,0.12805025077160495,0.07786949785271731,0.0,0,1.0
s000159,RAVDESS,angry,validation,423.9019076813272,116.15925272303686,0.7333333333333333,0.08578961052024002,0.06263123791650273,0.24788274684873948,0.19581741619326046,0.016949152542372836,1,0.9830508474576272
s002231,CREMA-D,angry,validation,151.28133030569057,40.91849351656512,0.7604166666666666,0.11302837119243729,0.10380931453901518,0.067047119140625,0.030191068470297983,0.0,0,1.0
s009723,TESS,angry,train,248.24911708255246,45.747105761335106,0.8813559322033898,0.09214988649767052,0.07097966445006694,0.15676749465811965,0.11241662776383708,0.03448275862068961,1,0.9655172413793104
s000465,RAVDESS,angry,validation,307.1608182447044,45.41131031367617,0.8,0.14841828325965492,0.09292725671864532,0.1286640019379845,0.0723760285957445,0.0,0,1.0
s003012,CREMA-D,angry,train,195.65406615512427,48.19798712607289,0.5079365079365079,0.10441865474872646,0.09880925948746103,0.06378658234126984,0.0397818367520684,0.0,0,1.0
s002829,CREMA-D,angry,train,236.81599578005353,43.0194826822709,0.6896551724137931,0.13666185939927464,0.13107336223633095,0.3443444293478261,0.2634222441894924,0.0,0,1.0
s008572,TESS,angry,validation,268.43238795659767,28.40774479754438,0.8666666666666667,0.12651388024325283,0.12282879874833073,0.11354459269662921,0.09656704332308776,0.06818181818181823,1,0.9318181818181818
s008598,TESS,angry,validation,275.4308947310639,19.606320319696717,0.7916666666666666,0.14342403019729413,0.10479129402742089,0.11259251644736842,0.11245264974795334,0.0,0,1.0
s008618,TESS,angry,validation,248.62060620316487,34.71730523006377,0.75,0.15395505305636545,0.12128359247879968,0.11080055675287356,0.13003871106927722,0.0,0,1.0
s011009,SAVEE,angry,train,169.90016118031335,25.284640282232342,0.8235294117647058,0.3833695597702287,0.18255550659492442,0.06772122524752475,0.02032835256223813,0.0,0,1.0
s009755,TESS,angry,train,274.76549154698506,46.39585071690339,0.5606060606060606,0.0717928148431273,0.0739191448233501,0.30445815577651514,0.2559008484327499,0.10661272570425673,3,0.8933872742957433
s007522,CREMA-D,angry,train,209.3468512988398,47.2941280684859,0.8837209302325582,0.12108583760940854,0.09607320487510733,0.1169577205882353,0.11399947493453143,0.023809523809523836,0,0.9761904761904762
s002191,CREMA-D,angry,validation,190.8857819466699,40.44981345690179,0.9142857142857143,0.05195343805972835,0.06932030900325231,0.08290945368705036,0.05647057905093327,0.05797101449275366,2,0.9420289855072463
s002527,CREMA-D,angry,test,187.8951182502906,10.024922618814893,0.5869565217391305,0.11276671512482259,0.08100819941406218,0.10658482142857142,0.06939471966616939,0.022222222222222254,0,0.9777777777777777
s004205,CREMA-D,angry,validation,123.88246188156194,4.611362904639235,0.1774193548387097,0.1489851556839497,0.10837253701833247,0.09447249745934959,0.04083884223999502,0.0,0,1.0
s000554,RAVDESS,angry,train,333.08513583478816,99.61162360563148,0.9285714285714286,0.11389226959215955,0.07255156409936354,0.15849345439189189,0.11485474041023908,0.0,0,1.0
s008584,TESS,angry,validation,262.0492436306192,29.707038776389517,0.7954545454545454,0.12304473948268883,0.11282919191460225,0.11861305675287356,0.09714844226139045,0.0,0,1.0
s008424,CREMA-D,angry,test,190.95721276495934,105.20214487609677,0.6575342465753424,0.082794440106476,0.09420559073957213,0.0817302547089041,0.0762692773214447,0.0,0,1.0
s005341,CREMA-D,angry,train,332.80878183940746,54.094983547203874,0.6862745098039216,0.14266506831465972,0.08567553677658678,0.09778194616336634,0.03295354271185879,0.0,0,1.0
s002167,CREMA-D,angry,train,207.53163460670876,18.608343439251843,0.8656716417910447,0.09730286569215525,0.0764506636086072,0.17278547932330826,0.1332682101520051,0.0,0,1.0
s007031,CREMA-D,angry,test,351.8684876540411,78.18916962978712,0.8409090909090909,0.13330749404113526,0.09028168038013577,0.11002604166666667,0.05117918063180068,0.023255813953488413,0,0.9767441860465116
s009787,TESS,angry,train,242.9116226729913,37.14720098655291,0.864406779661017,0.08452012042244339,0.07641205114998713,0.2297759748931624,0.229954467961178,0.0,0,1.0
s008681,TESS,angry,validation,311.0005683148383,107.5342515629151,0.8666666666666667,0.12279785188500968,0.11074678581015548,0.11162438553370786,0.14695335481322228,0.022727272727272707,1,0.9772727272727273
s006127,CREMA-D,angry,test,478.8111588977953,93.73318024346355,0.6666666666666666,0.12614172904800575,0.11447627778529688,0.15333299512987014,0.04677170599624071,0.0,0,1.0
s009867,TESS,angry,train,235.44895218984198,46.09840680724567,0.8405797101449275,0.11767682098223409,0.1033057309072186,0.22826794610507245,0.21957910276868647,0.11619198910700101,1,0.883808010892999
s008694,TESS,angry,validation,238.88340352559874,32.531229780272724,0.94,0.1562843017373234,0.12071229765585945,0.10755859375,0.11804463715770547,0.02005405193686105,0,0.979945948063139
s004105,CREMA-D,angry,train,232.79322683021562,29.97147744855469,0.8450704225352113,0.14159488890003016,0.14319117726320135,0.17337793661347517,0.18403543182675364,0.014285714285714235,1,0.9857142857142858
s001114,CREMA-D,angry,test,141.08046633647672,14.023132903645429,0.6122448979591837,0.08714589209190195,0.06635234164304502,0.15310889175257733,0.11878998791978865,0.02083333333333337,0,0.9791666666666666
s008298,CREMA-D,angry,validation,367.62541874142994,42.77339819637279,0.7592592592592593,0.12736867567106525,0.09366163893681084,0.1613244742990654,0.0947524280662016,0.0,0,1.0
s005145,CREMA-D,angry,train,142.67623322812415,21.592801272862236,0.42857142857142855,0.0828263309767453,0.08689491639155578,0.08576154279279279,0.06651706210346904,0.018181818181818188,0,0.9818181818181818
s007768,CREMA-D,angry,train,166.33715946486183,43.41605687212174,0.7346938775510204,0.1284541476604327,0.09019401397555732,0.14605146585051546,0.14080051295157783,0.02083333333333337,0,0.9791666666666666
s006784,CREMA-D,angry,test,107.44280138183358,6.254079067675648,0.5081967213114754,0.08783425904872004,0.07115737330634428,0.06550232438016529,0.03929749283568031,0.0,0,1.0
s002115,CREMA-D,angry,train,288.52869022961113,21.218935142126487,0.7049180327868853,0.21242036133204117,0.14776884052529146,0.19086550878099173,0.13813007252915432,0.0,0,1.0
s007642,CREMA-D,angry,train,189.30689175270476,38.86605168771825,0.5512820512820513,0.057465427960719795,0.07232909384122915,0.08901839717741936,0.0715747391662528,0.051948051948051965,1,0.948051948051948
s003367,CREMA-D,angry,train,275.239502901548,74.69130609778172,0.8412698412698413,0.07156959205120803,0.06398921387177141,0.145890625,0.15056153519045373,0.048387096774193505,0,0.9516129032258065
s008556,TESS,angry,validation,255.56687037379425,31.331789404665287,0.8222222222222222,0.13160974091818828,0.1095258664461468,0.11364334620786516,0.1015474518488105,0.0,0,1.0
s004241,CREMA-D,angry,train,606.9113381030998,518.3167443415098,0.6938775510204082,0.24262791010071091,0.16632944606925415,0.16896544780927836,0.06399570855603627,0.0,0,1.0
s005201,CREMA-D,angry,train,125.32260737510781,19.078361730715777,0.6164383561643836,0.0637136523130125,0.07744043754418857,0.10523302801724138,0.08797838020984905,0.3055555555555556,0,0.6944444444444444
s003889,CREMA-D,angry,train,212.25641342875593,38.84774863997093,0.8,0.1310579739699159,0.09198673502962808,0.1363143150252525,0.07450349011320244,0.020408163265306145,0,0.9795918367346939
s008557,TESS,angry,validation,339.1260418773949,104.72238905368162,0.8260869565217391,0.11679758312651417,0.09692994235736294,0.09721626030219781,0.06710083497484552,0.0,0,1.0
s001032,RAVDESS,angry,train,251.33686637496373,33.31863240035494,0.8823529411764706,0.06976100690264031,0.06206396533255422,0.1714482060185185,0.12323524626532216,0.0,0,1.0
s011136,SAVEE,disgust,train,147.6366956931644,33.07869784038704,0.7636363636363637,0.09665867060778159,0.1145544081688672,0.12484861797112462,0.12881824089287303,0.1402439024390244,7,0.8597560975609756
s001103,CREMA-D,disgust,test,124.2157352566132,27.215103068191084,0.35384615384615387,0.09188823005041251,0.08636686602461163,0.09991736778846154,0.09688714831002372,0.0,0,1.0
s005228,CREMA-D,disgust,train,134.6236080319561,35.78779120003614,0.6333333333333333,0.06300340016993383,0.06946776936639759,0.07935112847222223,0.08882741988232419,0.0,0,1.0
s004081,CREMA-D,disgust,train,207.33886926165886,10.597787123331951,0.3013698630136986,0.08315214152409606,0.0784722478519338,0.08167005565068493,0.058245569129416704,0.0,0,1.0
s003328,CREMA-D,disgust,train,182.62405039231567,52.74880715358968,0.7906976744186046,0.08828893952548157,0.05981534023526634,0.07282203851744186,0.053782334099752103,0.0,0,1.0
s009957,TESS,disgust,train,208.14660913742281,53.77112636269996,0.647887323943662,0.12947165603412591,0.11379553142010504,0.20362367021276595,0.22437315383601905,0.014285714285714235,1,0.9857142857142858
s004306,CREMA-D,disgust,train,144.18419022198069,1.947732027298138,0.06666666666666667,0.08616051512459914,0.07029507787083039,0.16107313368055556,0.19122561042003447,0.0,0,1.0
s003814,CREMA-D,disgust,train,84.85333302236975,15.382647742878817,0.2857142857142857,0.0526713672913834,0.06386981180266411,0.12846767402694612,0.12044730172002616,0.0,0,1.0
s003158,CREMA-D,disgust,train,75.85971178639477,0.3270419429791096,0.08333333333333333,0.06651900881358112,0.05993899028994878,0.16208902994791666,0.1824423927514869,0.0,0,1.0
s005776,CREMA-D,disgust,train,186.9010953347539,54.62297357478712,0.3177570093457944,0.08246365885639415,0.0712173968250945,0.07266908744131455,0.04331825561585756,0.0,0,1.0
s004592,CREMA-D,disgust,validation,109.49485835102125,8.96662741169703,0.6138613861386139,0.06375480686958453,0.06602338465726859,0.07213444496268656,0.03397462397110845,0.0,0,1.0
s009993,TESS,disgust,train,216.33368204007016,59.50820395073113,0.4647887323943662,0.11791751435412927,0.10099122802165135,0.19423897384751773,0.23380152906656246,0.042857142857142816,1,0.9571428571428572
s006696,CREMA-D,disgust,train,164.68061183037474,17.625022326435033,0.1827956989247312,0.08096070536061802,0.08397650663572953,0.07174584173387097,0.05558904758455869,0.0,0,1.0
s005108,CREMA-D,disgust,train,108.10817802884594,16.756923151053243,0.65,0.0718876611518984,0.0674732627531177,0.06649169921875,0.048744849336398936,0.0,0,1.0
s008725,TESS,disgust,validation,256.13784374493923,174.2457442001961,0.5675675675675675,0.10983491394998265,0.08688002276883666,0.13280585671768708,0.19201917897525084,0.013639875323014583,1,0.9863601246769854
s003638,CREMA-D,disgust,test,109.2255894880832,14.475531017292624,0.26595744680851063,0.12585680983326536,0.07736591383151162,0.07476936502659574,0.06000126805396673,0.0,0,1.0
s006842,CREMA-D,disgust,test,106.07519551965416,8.207705573387441,0.22727272727272727,0.06929121124792044,0.0446589858563166,0.06449771689497717,0.04706984915735451,0.0,0,1.0
s000831,RAVDESS,disgust,train,339.9534911976361,462.1680211002106,0.6896551724137931,0.07684361508881658,0.08087161897230746,0.21154150108381503,0.19823414855292923,0.2093023255813954,2,0.7906976744186046
s001004,RAVDESS,disgust,train,131.17555456547083,18.929026773826557,0.8301886792452831,0.10017749695772571,0.07206167742000641,0.148828125,0.11976218925138207,0.019230769230769273,1,0.9807692307692307
s000175,RAVDESS,disgust,validation,304.91537237394755,52.033834865602905,0.6666666666666666,0.11013299655819304,0.09095233434717334,0.2108876026459854,0.21447008011957006,0.044117647058823484,2,0.9558823529411765
s002232,CREMA-D,disgust,validation,168.68222071381928,50.08034983551475,0.7191011235955056,0.11580706628437122,0.10372667047355102,0.052158312851123594,0.02774165516461334,0.0,0,1.0
s009923,TESS,disgust,train,234.3729577445309,56.097521302334584,0.4594594594594595,0.10385211420896444,0.08741151161176816,0.17350260416666666,0.19700917669954773,0.0821917808219178,1,0.9178082191780822
s000481,RAVDESS,disgust,validation,147.93697372836488,26.12758264481194,0.5955056179775281,0.1475293933390378,0.11442691098764966,0.13804643609550563,0.13444554807262898,0.14628249928573,1,0.85371750071427
s003015,CREMA-D,disgust,train,211.47932132406422,17.03815135164785,0.18888888888888888,0.12030341546568606,0.05294376342770355,0.07113715277777778,0.06639554382764001,0.0,0,1.0
s002830,CREMA-D,disgust,train,151.45687002729605,43.86784509869295,0.2857142857142857,0.08726779789856029,0.08874647342298622,0.25302269345238093,0.25611094804546825,0.0,0,1.0
s008772,TESS,disgust,validation,170.97913663369073,16.707578176623873,0.5394736842105263,0.12360590829906103,0.10076754877170827,0.14570697985197367,0.20962623508525755,0.03955908107551254,1,0.9604409189244875
s008798,TESS,disgust,validation,178.11387313831116,33.51423564964056,0.64,0.09542087572720527,0.08145495198296944,0.12945024119127516,0.1847632244391677,0.013513513513513487,0,0.9864864864864865
s008818,TESS,disgust,validation,185.3286996608639,26.80141779412995,0.7142857142857143,0.12015638515192399,0.1072835576614663,0.15556851393884893,0.20096214458122322,0.01449275362318836,1,0.9855072463768116
s011024,SAVEE,disgust,train,143.87965404140252,22.754382146470583,0.6444444444444445,0.11083278139488081,0.09600188194731361,0.15849938553370788,0.19713137690927762,0.0,0,1.0
s009955,TESS,disgust,train,235.6182742687239,59.97222373236221,0.2972972972972973,0.11221849825075902,0.10814831590013864,0.22183804898648649,0.21906864285908753,0.13604719136950627,2,0.8639528086304937
s007525,CREMA-D,disgust,train,148.5594450448308,12.117045207202791,0.18823529411764706,0.07912797548205537,0.09178138722243913,0.09800091911764706,0.10790985274136693,0.02366809199121689,0,0.9763319080087831
s002192,CREMA-D,disgust,validation,214.92440370454116,50.64083449714837,0.8656716417910447,0.10001111318315588,0.08206314077841234,0.07394910214552239,0.05718688528827649,0.0,0,1.0
s002530,CREMA-D,disgust,test,177.93007454251116,27.433352291908196,0.546875,0.09134177109739912,0.1108614605560093,0.0963259719488189,0.09612157413412906,0.0,0,1.0
s004206,CREMA-D,disgust,validation,0.0,0.0,0.0,0.08351086850836872,0.07925319644567867,0.0858984375,0.04393644007656472,0.0,0,1.0
s000570,RAVDESS,disgust,train,108.70069806818395,16.446546275587814,0.7346938775510204,0.13043493115266344,0.07600732494362834,0.13632611146907217,0.16714673160108348,0.0,0,1.0
s008784,TESS,disgust,validation,180.58238219915216,17.975837033429393,0.47368421052631576,0.1441310624166435,0.1089418192940814,0.12018186051324503,0.19117211815379634,0.0,0,1.0
s008427,CREMA-D,disgust,test,242.56446172475285,145.35064285326624,0.6794871794871795,0.07484005235676323,0.08510841127909388,0.0973727318548387,0.07169299674533884,0.025974025974025983,0,0.974025974025974
s005342,CREMA-D,disgust,train,223.70059751296935,28.316020028514238,0.5384615384615384,0.12401053263775765,0.10148513382953432,0.08263608870967742,0.033573390408605935,0.025974025974025983,0,0.974025974025974
s002168,CREMA-D,disgust,train,95.96034329885316,31.722687404115568,0.1919191919191919,0.0717761274332625,0.06551147149797625,0.08435120558375635,0.09599591404726576,0.0,0,1.0
s007034,CREMA-D,disgust,test,445.4558570204585,26.630912962086907,0.6037735849056604,0.12124140250186126,0.10190571332304842,0.12839471726190477,0.05915162485471539,0.11538461538461542,1,0.8846153846153846
s009987,TESS,disgust,train,214.74769723553572,66.51530913203602,0.6349206349206349,0.1474427389241755,0.11580862887081886,0.144015625,0.19638947509409554,0.0,0,1.0
s008881,TESS,disgust,validation,180.91165242176652,22.144459917229394,0.7066666666666667,0.11765214978348489,0.11861531045320557,0.11729236577181208,0.19046025882785567,0.0,0,1.0
s006130,CREMA-D,disgust,test,219.89654893271947,79.81705192499618,0.345679012345679,0.09920659807065259,0.0622013347541891,0.06557526203416149,0.037055577369177084,0.0,0,1.0
s010067,TESS,disgust,train,230.85989173124545,48.76982751312665,0.6455696202531646,0.11290840313716827,0.09632986934888489,0.19508381131329114,0.23006762394109473,0.10153441907736549,1,0.8984655809226345
s008894,TESS,disgust,validation,188.07301153467068,29.920109966165363,0.8904109589041096,0.10429991119579501,0.08860329232596269,0.1133615154109589,0.1676278012267685,0.0,0,1.0
s004106,CREMA-D,disgust,train,154.11657329854242,25.152153633879145,0.34234234234234234,0.1046171568686495,0.10042452715735557,0.13627885698198197,0.15328350493616175,0.0,0,1.0
s001115,CREMA-D,disgust,test,0.0,0.0,0.0,0.06381507885512398,0.06265141702452033,0.11777230196220931,0.12064376568717189,0.0,0,1.0
s008299,CREMA-D,disgust,validation,145.16203683285335,58.579821872831786,0.7,0.07481829284329959,0.0690152167995212,0.08817034390703518,0.0984844521680667,0.0,0,1.0
s005148,CREMA-D,disgust,train,120.57160412275762,15.1194640979369,0.37037037037037035,0.07441961014446635,0.07690799395524658,0.0700880725931677,0.057771166200536635,0.0,0,1.0
s007771,CREMA-D,disgust,train,74.80256543115308,8.805215089569245,0.8846153846153846,0.0817902704039889,0.059155827356074844,0.0634828629032258,0.07151715168330072,0.0,0,1.0
s006787,CREMA-D,disgust,test,106.16977788404597,10.451072694557219,0.9047619047619048,0.11799144880875709,0.06386339292233678,0.05826047867063492,0.02012790091141276,0.0,0,1.0
s002118,CREMA-D,disgust,train,220.62441535100731,16.884923552264084,0.5384615384615384,0.06801990722949251,0.09167637155907997,0.0964476864640884,0.09112830651593433,0.2666666666666667,4,0.7333333333333333
s007643,CREMA-D,disgust,train,103.26992659453367,8.119496677400651,0.21818181818181817,0.0680337758164972,0.062298808021042394,0.06491688070776255,0.04224392736289136,0.0,0,1.0
s003368,CREMA-D,disgust,train,256.4259393097151,38.12259409679876,0.7538461538461538,0.058984985898155,0.054842524979166744,0.12151011385658915,0.1026404735690496,0.0625,0,0.9375
s008756,TESS,disgust,validation,178.76851884077567,14.880289692410456,0.4594594594594595,0.12456807458924281,0.10133777794252936,0.14748733108108109,0.1696883796146171,0.013522793301991465,0,0.9864772066980085
s004244,CREMA-D,disgust,train,167.29765582924256,52.19274615638204,0.2625,0.07624823030716968,0.04904290630723302,0.07031864190251573,0.029545081813603557,0.0,0,1.0
s005202,CREMA-D,disgust,train,186.23774390643007,54.307690386222674,0.41237113402061853,0.06049223561031917,0.059766086740546696,0.09369462789948453,0.09201431380815875,0.0,0,1.0
s003890,CREMA-D,disgust,train,168.8985407589094,50.94627519689319,0.2916666666666667,0.09611711091323134,0.07215253320619021,0.090789794921875,0.08274559978974023,0.0,0,1.0
s008757,TESS,disgust,validation,199.83735601240608,25.875557406586417,0.7123287671232876,0.08389188429302447,0.07838769684243709,0.15488548801369864,0.19213518439290456,0.0,0,1.0
s001048,RAVDESS,disgust,train,293.04058289306147,154.47062491159107,0.8933333333333333,0.12424467763058362,0.09420578084718034,0.14365955327181207,0.11184528159008104,0.0,0,1.0
s011151,SAVEE,fear,train,265.8520185483266,43.482443194700615,0.8548387096774194,0.2235640693165603,0.19902970268613715,0.09962518977732794,0.12222262346308398,0.024390243902439046,2,0.975609756097561
s001104,CREMA-D,fear,test,149.4775787294468,20.318971754069132,0.2753623188405797,0.06069501843708365,0.0800358486456527,0.11329540307971014,0.11047655142875298,0.0,0,1.0
s005231,CREMA-D,fear,train,350.7572872995387,75.9280846490631,1.0,0.1698179261108476,0.13300633044738538,0.1248139880952381,0.04183701964009632,0.032258064516129004,0,0.967741935483871
s004084,CREMA-D,fear,train,0.0,0.0,0.0,0.14118071240955032,0.046371843523534725,0.05948638916015625,0.03643058097731714,0.0,0,1.0
s003329,CREMA-D,fear,train,367.0638906442372,67.6944933564388,0.6666666666666666,0.15063773804269304,0.10133951417893208,0.06898796695402298,0.04524306969888617,0.0,0,1.0
s010157,TESS,fear,train,288.75866699690937,86.49475993204803,0.65,0.11926203088427917,0.08139808370777397,0.26146435136554624,0.20328411287850834,0.05084745762711862,1,0.9491525423728814
s004307,CREMA-D,fear,train,200.19230347391004,60.9122635939809,0.5,0.07906784598919138,0.08454738522908725,0.12603476821192053,0.1547976560712215,0.0,0,1.0
s003815,CREMA-D,fear,train,0.0,0.0,0.0,0.09239265288712468,0.07735461946904443,0.08831441627358491,0.08212015180511856,0.0,0,1.0
s003159,CREMA-D,fear,train,202.2105750958574,22.007437551795174,0.5263157894736842,0.06329569540917873,0.07120592109153016,0.20046875,0.1866729508205028,0.08108108108108103,0,0.918918918918919
s005777,CREMA-D,fear,train,228.42487920508057,63.232221285898895,0.6627906976744186,0.03993976701388669,0.046350184598471116,0.08604029605263158,0.04245783940306416,0.10588235294117643,2,0.8941176470588236
s004593,CREMA-D,fear,validation,105.56766356859444,12.509543516877427,0.532608695652174,0.05513838960019791,0.04409019722783769,0.06334918478260869,0.03349073249890187,0.0,0,1.0
s010193,TESS,fear,train,321.447063243014,43.50812945775884,0.6226415094339622,0.12251622993942528,0.11988296560088924,0.22784598214285715,0.21213967745845896,0.0,0,1.0
s006697,CREMA-D,fear,train,116.26162707494161,26.58297580138166,0.620253164556962,0.05970487008642429,0.06654582103194807,0.06233205613057325,0.038056847754083196,0.0,0,1.0
s005109,CREMA-D,fear,train,158.49015107124063,32.09238550350999,0.7,0.10816538643162206,0.10292503111545763,0.07501105542452831,0.04740205368673519,0.0,0,1.0
s008925,TESS,fear,validation,302.6111161946604,23.775085354226373,0.9130434782608695,0.17535562639165184,0.10910791301303988,0.10672129755434782,0.14748710849278585,0.0,0,1.0
s003639,CREMA-D,fear,test,121.76546259496595,13.229599274165711,0.6404494382022472,0.08253631150622047,0.06887315639673261,0.07447660639044944,0.05948564584088581,0.0,0,1.0
s006843,CREMA-D,fear,test,101.9360612129454,13.053117779594592,0.5108695652173914,0.08475549256874491,0.06993545478202941,0.05717136548913043,0.02132864768718289,0.0,0,1.0
s000823,RAVDESS,fear,train,154.08783742452042,22.777712596570165,0.7777777777777778,0.13102209803030312,0.08301823788723785,0.1920998831775701,0.21576432683345942,0.0,0,1.0
s000996,RAVDESS,fear,train,150.09142143773278,18.976445933691462,0.9583333333333334,0.12899079029999772,0.09084711885664584,0.1323293585526316,0.1100108428506521,0.0,0,1.0
s000167,RAVDESS,fear,validation,454.4056198788523,77.42957115273103,0.88,0.13003066968487492,0.08772824166859675,0.19117937184343434,0.14724149535691025,0.020408163265306145,1,0.9795918367346939
s002233,CREMA-D,fear,validation,174.1580112103769,18.874856777272743,0.3103448275862069,0.08212479190023124,0.08598026149242358,0.07149672234195402,0.04330932042400615,0.0,0,1.0
s010123,TESS,fear,train,316.1479300224057,36.63711299353508,0.8085106382978723,0.1690472964336105,0.12102620759242165,0.18569232047872342,0.20079241870592365,0.021324448146605612,0,0.9786755518533944
s000473,RAVDESS,fear,validation,255.68401674301407,21.40305331996061,0.8863636363636364,0.15199066431464991,0.10249028801425386,0.10140535201149425,0.07247281695699946,0.0,0,1.0
s003018,CREMA-D,fear,train,143.0446718850336,50.702552291417874,0.4583333333333333,0.11516741492475073,0.06536876092989095,0.052510579427083336,0.030224004330978875,0.0,0,1.0
s002831,CREMA-D,fear,train,121.33462857287014,22.468022321687734,0.5806451612903226,0.0867350384773266,0.08888557946312799,0.14797284526209678,0.17408788730444993,0.0,0,1.0
s008972,TESS,fear,validation,281.4811169509237,18.05879676381759,0.88,0.11893825904466211,0.08445228828331024,0.130361328125,0.17397594525693963,0.0,0,1.0
s008998,TESS,fear,validation,292.0329819363323,28.575142677527825,0.8913043478260869,0.1319512018964595,0.08283335024357123,0.12952867445054944,0.179965399913676,0.0,0,1.0
s009018,TESS,fear,validation,301.6989527802888,18.87978348418464,0.851063829787234,0.16304708007843263,0.12460508908038442,0.11342825940860216,0.1780000365235541,0.021739130434782594,1,0.9782608695652174
s011039,SAVEE,fear,train,254.25252137907736,33.9961029429156,0.6097560975609756,0.1369802733423314,0.1040295599242668,0.1428237634202454,0.16509700879854572,0.012345679012345734,1,0.9876543209876543
s010155,TESS,fear,train,306.674800472026,59.977106346329364,0.5555555555555556,0.11194495317552274,0.08004472004886419,0.22538514894859812,0.18973282465650076,0.018867924528301883,0,0.9811320754716981
s007528,CREMA-D,fear,train,104.21390757189364,9.818267981956684,0.9552238805970149,0.08282283015215575,0.06646116118472366,0.06321420242537314,0.04160553879964586,0.0,0,1.0
s002193,CREMA-D,fear,validation,238.0965734631155,26.829266778733032,0.3125,0.10254965098283719,0.10234581645851126,0.06198883056640625,0.033176852624035885,0.0,0,1.0
s002533,CREMA-D,fear,test,134.25660272603957,4.709368798586978,0.2948717948717949,0.07893565762788057,0.07987277168160198,0.08654863911290323,0.0921946242785559,0.0,0,1.0
s004207,CREMA-D,fear,validation,174.6777569169873,20.839627347004924,0.5268817204301075,0.12930068114311785,0.10637092183535045,0.047631048387096774,0.019932778833585012,0.0,0,1.0
s000562,RAVDESS,fear,train,246.43271004232005,33.89637315646574,0.6923076923076923,0.12446843517392657,0.09545361140298439,0.14931925060679613,0.13551239915358892,0.0,0,1.0
s008984,TESS,fear,validation,292.47997136816866,29.759808580929267,0.7678571428571429,0.16683277377002947,0.09950069977797296,0.13181834177927929,0.1626547719137608,0.0,0,1.0
s008430,CREMA-D,fear,test,124.61675291349015,57.695436459929944,0.7738095238095238,0.08706156387479005,0.07261457558958846,0.06660507110778444,0.08086812478268773,0.0,0,1.0
s005343,CREMA-D,fear,train,382.8292763022685,29.186235152085253,0.8125,0.1445563307031989,0.0870568110273949,0.09809827302631578,0.02905560204329553,0.0,0,1.0
s002169,CREMA-D,fear,train,156.70688700977544,14.707446510814606,0.2894736842105263,0.07310722569706819,0.08403972913270437,0.07026076158940397,0.06284160987368087,0.0,0,1.0
s007037,CREMA-D,fear,test,236.13795847032296,81.42129768741007,0.6607142857142857,0.08748780383921421,0.08166197784222173,0.08018369932432433,0.04693605978649568,0.0,0,1.0
s010187,TESS,fear,train,330.74014672275274,55.76255022973382,0.8679245283018868,0.1579292397546981,0.11633632309664563,0.1884765625,0.19735584776688644,0.019230769230769273,1,0.9807692307692307
s009081,TESS,fear,validation,296.6789259995589,17.14246628270932,0.9111111111111111,0.17409566458670445,0.11302902280414964,0.11531118328651685,0.15710688990456514,0.0,0,1.0
s006133,CREMA-D,fear,test,375.41827879968196,81.79950790934924,0.7058823529411765,0.1048826842165705,0.08874106648620891,0.1513817630597015,0.0519428368519328,0.030303030303030276,0,0.9696969696969697
s010267,TESS,fear,train,333.0733472578387,41.497501016664714,0.6666666666666666,0.12047311497222193,0.09397047815161225,0.2150256587009804,0.22382700092906715,0.0,0,1.0
s009094,TESS,fear,validation,309.0211709457296,19.326163720338158,0.9090909090909091,0.20107530980286273,0.10523748114606372,0.1070556640625,0.14641321014147757,0.0,0,1.0
s004107,CREMA-D,fear,train,301.69013636497056,75.57718396555867,0.5735294117647058,0.11366780191276442,0.10242061304165075,0.10233800551470588,0.11214285850053486,0.029453217131187648,0,0.9705467828688124
s001116,CREMA-D,fear,test,210.52733054430166,33.47965014103266,0.6666666666666666,0.09204006557707238,0.09078166666842737,0.11917519358407079,0.12244338932340347,0.3035714285714286,1,0.6964285714285714
s008300,CREMA-D,fear,validation,119.73196910289903,66.58024639254559,0.75,0.14091542018753178,0.11540477899127838,0.10159935141509434,0.1296719873825788,0.0,0,1.0
s005151,CREMA-D,fear,train,106.05092308732561,10.277889382062247,0.7078651685393258,0.08598356545390037,0.051615977614962956,0.06404713834269662,0.04136663363030921,0.0,0,1.0
s007774,CREMA-D,fear,train,77.15222609613723,10.215491413358297,0.935064935064935,0.09584902112487874,0.06872858194489892,0.05664700776143791,0.062194726607287,0.0,0,1.0
s006790,CREMA-D,fear,test,105.72626430559713,17.95286780248689,0.46153846153846156,0.1285563649179844,0.07841444574337302,0.05921724759615385,0.030255743667607183,0.0,0,1.0
s002121,CREMA-D,fear,train,213.61079494422893,13.14901414016831,0.46153846153846156,0.051004268788523224,0.06720831872641832,0.13702913032945738,0.10776041893262828,0.140625,1,0.859375
s007644,CREMA-D,fear,train,119.92015340820579,24.769701629365066,0.7083333333333334,0.11665192642249167,0.0663028930276686,0.0746188693576389,0.06532701252939414,0.0,0,1.0
s003369,CREMA-D,fear,train,414.9757409237848,88.0028919010974,0.7627118644067796,0.14318218741279382,0.1369602651335279,0.17277644230769232,0.09895958152703736,0.03448275862068961,1,0.9655172413793104
s008956,TESS,fear,validation,302.38392289870905,28.521311211683372,0.8913043478260869,0.15911637611039306,0.09117948453721313,0.12743079144021738,0.16029169301248888,0.0,0,1.0
s004247,CREMA-D,fear,train,329.514159490708,31.324111025275933,0.8611111111111112,0.11404818108528328,0.10167853013918007,0.11070917693661972,0.0632991450527554,0.0,0,1.0
s005203,CREMA-D,fear,train,180.56597985210195,33.35716354563783,0.504950495049505,0.07203322554943128,0.06875411721618326,0.09701978389303482,0.11389968540000431,0.0,0,1.0
s003891,CREMA-D,fear,train,301.58493439374325,104.85559440704131,0.9130434782608695,0.16005790106706566,0.0958633204229272,0.1005108173076923,0.03247784707442497,0.0,0,1.0
s008957,TESS,fear,validation,274.59137706795315,13.549671630092611,0.8367346938775511,0.14723105399302908,0.10285503623124577,0.15300821520618557,0.18237475931931224,0.0,0,1.0
s001040,RAVDESS,fear,train,332.7412145655354,39.27305312524733,0.90625,0.11844115350835437,0.09403321763107463,0.1851931594488189,0.1484046476274775,0.0,0,1.0
s011166,SAVEE,happy,train,221.03597288783456,69.74651585428737,0.6551724137931034,0.19233051523691927,0.15798161623961368,0.10873296929065744,0.1405038523589035,0.01388888888888884,1,0.9861111111111112
s001105,CREMA-D,happy,test,68.51999655689914,1.6685182224793613,0.11290322580645161,0.06054604974304957,0.06499863826579856,0.10583102318548387,0.10639540823682792,0.0,0,1.0
s005234,CREMA-D,happy,train,244.36905324612067,36.88560752402682,0.8823529411764706,0.12127134413805915,0.09504932539005304,0.10181028451492537,0.03943002220924801,0.0,0,1.0
s004087,CREMA-D,happy,train,0.0,0.0,0.0,0.08588027353756703,0.06475801194918906,0.06588040865384616,0.0360036905316915,0.0,0,1.0
s003330,CREMA-D,happy,train,329.9045208708109,95.3009543483915,0.7105263157894737,0.15312664146652286,0.1218190504191998,0.08100941639072848,0.06613476627499083,0.0,0,1.0
s010357,TESS,happy,train,271.0848290862146,60.563605613077485,0.9821428571428571,0.1322437709025401,0.09107307185029842,0.15096248592342343,0.0965670242140325,0.0,0,1.0
s004308,CREMA-D,happy,train,201.1863205781123,23.432119799418025,0.35526315789473684,0.0698264953094405,0.06243453169442033,0.1340218853476821,0.1625879776788874,0.0,0,1.0
s003816,CREMA-D,happy,train,0.0,0.0,0.0,0.06717330271519882,0.08222955915373939,0.10934846297554347,0.11891835201369964,0.0,0,1.0
s003160,CREMA-D,happy,train,0.0,0.0,0.0,0.08873108820989728,0.07950957122035077,0.22353636188271606,0.21150236431363093,0.025000000000000022,0,0.975
s005778,CREMA-D,happy,train,174.1887881100578,46.69699995369397,0.5773195876288659,0.06120206634081977,0.07253870473328915,0.0754369362113402,0.03875714527719672,0.0,0,1.0
s004594,CREMA-D,happy,validation,167.06902185838138,51.43956524003492,0.6021505376344086,0.05428641743867869,0.05369647756472633,0.061360677083333336,0.02335464251625883,0.0,0,1.0
s010393,TESS,happy,train,285.0176356826521,63.1877834749377,0.8627450980392157,0.11520086082175725,0.09353839415264775,0.17848855198019803,0.21032526984416852,0.020000000000000018,1,0.98
s006698,CREMA-D,happy,train,160.39280964027242,50.343632185491586,0.6805555555555556,0.09016710446060945,0.10708351731410623,0.07834879557291667,0.05295040871454733,0.013890772945549301,0,0.9861092270544507
s005110,CREMA-D,happy,train,144.16326547747533,37.55838790050852,0.6410256410256411,0.06323536341228793,0.05407582516031285,0.05922379032258065,0.036230123488887635,0.0,0,1.0
s009125,TESS,happy,validation,252.23244990004798,77.20904436841025,0.8032786885245902,0.1495565502935143,0.10293659534910986,0.1255649535123967,0.1907731613520993,0.0,0,1.0
s003640,CREMA-D,happy,test,111.52232370767548,14.189742187598693,0.45454545454545453,0.0929460702829209,0.09019210075671208,0.06856362336601307,0.049523069019612675,0.0,0,1.0
s006844,CREMA-D,happy,test,130.43129169756355,19.208862411310463,0.29069767441860467,0.07341077609182617,0.07432010997151672,0.06650277071220931,0.042157526384777114,0.0,0,1.0
s000799,RAVDESS,happy,train,160.69634398599837,12.942841468753022,0.6164383561643836,0.10015743924947135,0.08084709516542338,0.10511853448275862,0.12325338209733419,0.08333333333333337,1,0.9166666666666666
s000972,RAVDESS,happy,train,217.186996411502,34.74036360248974,0.7333333333333333,0.16921488115605846,0.09945386283825738,0.11169022120786516,0.09464370928894825,0.0,0,1.0
s000143,RAVDESS,happy,validation,403.684514702311,59.5038521602577,0.7368421052631579,0.10852510327339611,0.07431654695796738,0.21342643805309736,0.16968917195807262,0.0,0,1.0
s002234,CREMA-D,happy,validation,206.20933993984806,42.30043390956036,0.423728813559322,0.11573017251669851,0.10090612405235602,0.06416099091880342,0.027109115023855358,0.0,0,1.0
s010323,TESS,happy,train,280.25359492332547,58.87213182466675,0.9795918367346939,0.12438157791442865,0.08558811862226015,0.14148198341836735,0.10162124399041787,0.020482457894947403,1,0.9795175421050526
s000449,RAVDESS,happy,validation,195.03258185456806,39.909658004929284,0.8928571428571429,0.10241306473727564,0.08033094821601572,0.11168003941441441,0.1004588684763828,0.0,0,1.0
s003021,CREMA-D,happy,train,0.0,0.0,0.0,0.08279415119200124,0.06422197648105345,0.0626433486238532,0.05560561185425006,0.0,0,1.0
s002832,CREMA-D,happy,train,184.2893452144313,37.13121605985593,0.75,0.08501845831061645,0.0717155927167736,0.14691460882867133,0.1684100225063751,0.0,0,1.0
s009172,TESS,happy,validation,284.0984569686699,79.58450945462802,0.7931034482758621,0.12393232001720564,0.08727134824102188,0.13620923913043478,0.19169191522488224,0.0348560147048812,1,0.9651439852951188
s009198,TESS,happy,validation,208.4271599381715,37.05732764868096,0.4827586206896552,0.16963234141565345,0.09942011590964919,0.13803205818965517,0.19420263624367093,0.0,0,1.0
s009218,TESS,happy,validation,247.56015559279393,77.5358596884725,0.6060606060606061,0.11552648851647973,0.09262567315875764,0.130270455629771,0.2052642185826124,0.06153846153846154,1,0.9384615384615385
s011054,SAVEE,happy,train,220.24958303992938,49.627677425238055,0.7951807228915663,0.15505369370027136,0.1426861535795742,0.13435724431818183,0.14538023235199732,0.03658536585365857,1,0.9634146341463414
s010355,TESS,happy,train,281.26850920816827,57.83064839240127,0.8214285714285714,0.13382447418979126,0.11220641456404695,0.19138865427927929,0.1773799309972428,0.054545454545454564,1,0.9454545454545454
s007531,CREMA-D,happy,train,125.19457446280921,28.304090080397685,0.6451612903225806,0.051761400215782044,0.0670150259658559,0.08617568597560976,0.08994529631814226,0.016393442622950838,0,0.9836065573770492
s002194,CREMA-D,happy,validation,244.6215086560293,29.318273107673853,0.8214285714285714,0.07047061190881708,0.0821846344976119,0.05523296734234234,0.023361747022779607,0.0,0,1.0
s002536,CREMA-D,happy,test,135.1272395137034,3.600576680175576,0.29508196721311475,0.09400745746025368,0.08953499185482015,0.06223366477272727,0.04220850864835103,0.0,0,1.0
s004208,CREMA-D,happy,validation,334.6387041373765,162.6046549910453,0.5076923076923077,0.15918772888925764,0.10000403821105011,0.07211421996124032,0.025979928941494767,0.015625,0,0.984375
s000538,RAVDESS,happy,train,337.8107742335961,159.79353690756045,0.7551020408163265,0.1438825149089098,0.09264287485717075,0.14496415914948454,0.12368515235608686,0.0,0,1.0
s009184,TESS,happy,validation,295.4353764130219,95.19491988874489,0.5806451612903226,0.12166677660969717,0.08907787659345967,0.12551190776209678,0.17027068532016593,0.0,0,1.0
s008433,CREMA-D,happy,test,116.77307699990702,45.19095447212502,0.36904761904761907,0.13395962058873234,0.06984443787636956,0.0836042758233533,0.0634096252803569,0.0,0,1.0
s005344,CREMA-D,happy,train,239.6204266796058,59.27316284908879,0.7857142857142857,0.10479994437044805,0.08644438981189256,0.07660297015765766,0.02871533749490483,0.036363636363636376,0,0.9636363636363636
s002170,CREMA-D,happy,train,206.6730754893058,24.533431014602225,0.7625,0.09683380727275456,0.10265841726288746,0.08645341981132075,0.052336128366304184,0.025316455696202556,0,0.9746835443037974
s007040,CREMA-D,happy,test,419.49242165952404,165.88269116214957,0.84,0.09663042510803414,0.09068705735317939,0.10881790058724833,0.05092765630166385,0.16162466459725366,2,0.8383753354027463
s010387,TESS,happy,train,286.89515054658625,55.56160848717225,0.8928571428571429,0.14323322382034012,0.10663836010706529,0.18713048986486486,0.20603782302334614,0.07272727272727275,1,0.9272727272727272
s009281,TESS,happy,validation,297.2727213381214,104.91814734544197,0.7796610169491526,0.1522425778218123,0.09347001777126167,0.1314269497863248,0.19048064852525814,0.0,0,1.0
s006136,CREMA-D,happy,test,204.37001342637546,104.26563829174535,0.7647058823529411,0.07132304416010433,0.06914118995679802,0.10615524443069307,0.06467141168054291,0.0,0,1.0
s010467,TESS,happy,train,276.5172538444406,61.646294889718405,0.9464285714285714,0.12543684401054372,0.10284102444669067,0.13531989020270271,0.10854173377103991,0.09019165727170242,1,0.9098083427282976
s009294,TESS,happy,validation,263.9471534250403,84.75925958021142,0.8636363636363636,0.13646392898888074,0.08043822122284554,0.12309866240530302,0.20012811525228383,0.0,0,1.0
s004108,CREMA-D,happy,train,256.83229525668054,58.46852866972249,0.5121951219512195,0.14160826873959848,0.1290716987075641,0.1002144842791411,0.10725667506488613,0.0864197530864198,2,0.9135802469135802
s001117,CREMA-D,happy,test,126.14638626957033,25.836399999461356,0.3157894736842105,0.05449960387885472,0.06450175278222346,0.10030784354304635,0.09883340717951214,0.19999999999999996,3,0.8
s008301,CREMA-D,happy,validation,419.89579286738604,189.08517639004842,0.6119402985074627,0.10917744312240783,0.10211163105358764,0.09642461520522388,0.08030053150892126,0.0,0,1.0
s005154,CREMA-D,happy,train,96.40700901804514,5.9437252622005845,0.5,0.08923803558834245,0.0826949346511512,0.08118246203271028,0.07449205944204856,0.0,0,1.0
s007777,CREMA-D,happy,train,87.56165193386762,8.638988830417796,0.3950617283950617,0.06646820062031009,0.05795285411229197,0.1392481075310559,0.14068915745206548,0.0,0,1.0
s006793,CREMA-D,happy,test,118.65059310114226,10.930465216683256,0.7037037037037037,0.07832470301225364,0.07450877025749952,0.05638507593457944,0.026418799963887633,0.0,0,1.0
s002124,CREMA-D,happy,train,270.21888788258707,15.562632842205446,0.8421052631578947,0.16834160087940594,0.11856267925220779,0.15020833333333333,0.0942155181291108,0.0,0,1.0
s007645,CREMA-D,happy,train,176.75251041608865,33.25637063090531,0.5737704918032787,0.09509535380908526,0.08069748837482683,0.0742994576446281,0.028714727428227314,0.0,0,1.0
s003370,CREMA-D,happy,train,166.4293356834371,59.7178398125266,0.4268292682926829,0.08218092399655036,0.08188406794518364,0.11101059240797546,0.11870950549440469,0.0,0,1.0
s009156,TESS,happy,validation,240.41352125230387,89.56681178084715,0.676923076923077,0.1215125600691856,0.08845203173745193,0.1346596414728682,0.1760428279704229,0.0,0,1.0
s004250,CREMA-D,happy,train,170.34638479932505,51.75950265334993,0.4533333333333333,0.07242158777861787,0.08651129701761551,0.0861865562080537,0.04614940889098584,0.0,0,1.0
s005204,CREMA-D,happy,train,106.25277577914468,10.499834812699394,0.5588235294117647,0.0657334197909007,0.06850197081724783,0.07871189963054187,0.0706391555700938,0.0,0,1.0
s003892,CREMA-D,happy,train,254.02986960398135,158.0974301575921,0.75,0.1572687905046995,0.09485908467095588,0.11765526523109243,0.10116092160476732,0.0,0,1.0
s009157,TESS,happy,validation,260.10424277125253,72.29545095980153,0.546875,0.10932183366334873,0.09008815780052559,0.1373185285433071,0.17207175731295077,0.0,0,1.0
s001016,RAVDESS,happy,train,236.0446989164716,41.07281683617996,0.9444444444444444,0.1130426285239524,0.08701749537730791,0.14630183995327103,0.1159072588026504,0.0,0,1.0
s010983,SAVEE,neutral,train,134.73774226748273,22.20492395949068,0.9195402298850575,0.1293214643427919,0.11785825654301495,0.04653630780346821,0.07282812081810033,0.011627906976744207,0,0.9883720930232558
s007658,CREMA-D,neutral,train,112.21202378944272,10.671676865036952,0.44155844155844154,0.09836408953651105,0.07001076841507907,0.0676764195261438,0.035075501318135555,0.0,0,1.0
s008010,CREMA-D,neutral,train,99.31307585122806,22.474265049526476,0.7966101694915254,0.07493144783995345,0.0758850575385921,0.07907652243589744,0.06672651362217147,0.0,0,1.0
s003843,CREMA-D,neutral,train,143.37815273768382,48.744476665356025,0.5362318840579711,0.08996188477275596,0.0692630628236735,0.06412760416666667,0.024758757050810307,0.0,0,1.0
s010966,SAVEE,neutral,train,134.45052354931997,21.33947480080217,0.8764044943820225,0.10151434323545229,0.07357363027170521,0.099609375,0.12372716942893365,0.0,0,1.0
s007103,CREMA-D,neutral,test,190.6116995721093,29.60639374465371,0.7380952380952381,0.06172020539842144,0.053634910380881286,0.08422412986526946,0.06071504209616241,0.0,0,1.0
s002941,CREMA-D,neutral,train,201.43896353708539,24.025814539162788,0.875,0.10642464984104866,0.08004842544773215,0.06230333116319445,0.05468757022200555,0.0,0,1.0
s004027,CREMA-D,neutral,test,178.4926138962657,42.833352481307585,0.9230769230769231,0.10410969254489129,0.071100184687524,0.08268479567307692,0.0816405341064521,0.0,0,1.0
s005503,CREMA-D,neutral,train,196.28210121301876,52.84031460133727,0.75,0.09183395522351037,0.06618216227914193,0.08744035366766467,0.09785146962006928,0.0,0,1.0
s009317,TESS,neutral,validation,189.5059088978091,6.71819110684028,0.7833333333333333,0.19657681624115514,0.12740559036836147,0.10821789653361344,0.12707300607946023,0.0,0,1.0
s000267,RAVDESS,neutral,train,113.9461618885353,19.206472238099295,0.953125,0.10110117842839282,0.0686751458328915,0.13980222687007873,0.18821086645007842,0.0,0,1.0
s006043,CREMA-D,neutral,train,131.36408450058877,42.979337622555654,0.796875,0.07600977471156511,0.08599228252633824,0.05998992919921875,0.025409305330655878,0.0,0,1.0
s001627,CREMA-D,neutral,train,187.71986062088453,37.06594142362403,0.8832116788321168,0.08500768378866415,0.07848545212083745,0.060693002965328466,0.03945934513602163,0.0,0,1.0
s010591,TESS,neutral,train,192.85278868917658,3.9336849389680144,0.7777777777777778,0.18630171550437807,0.11861767687776859,0.1528828125,0.2181641309030779,0.0,0,1.0
s003735,CREMA-D,neutral,train,129.246958909529,19.88606858180935,0.4074074074074074,0.06051737577394114,0.06673545297010212,0.13133249223602483,0.14373524670076032,0.0,0,1.0
s006493,CREMA-D,neutral,train,149.61879113287344,23.5622709442073,0.6811594202898551,0.10710644946042178,0.09064294824717414,0.05353402400362319,0.015008793850293167,0.0,0,1.0
s006639,CREMA-D,neutral,train,125.86128390665682,17.207261072277287,0.603448275862069,0.10973730383278883,0.09870264281953826,0.058194633152173915,0.02477933127280777,0.10526315789473684,0,0.8947368421052632
s008188,CREMA-D,neutral,train,91.20530299504924,15.56345889146379,0.9558823529411765,0.09784522178747199,0.04545217765099635,0.06266515395220588,0.082500371264666,0.0,0,1.0
s002791,CREMA-D,neutral,train,113.15136403970486,13.618808438599128,0.5164835164835165,0.07540776679333258,0.0701886134115225,0.07383778331043957,0.03223967352573003,0.0,0,1.0
s011090,SAVEE,neutral,train,125.3298137981194,11.10593257592504,0.8650793650793651,0.11479268103617195,0.10100587029670909,0.10432488794820717,0.10692700040350461,0.17600000000000005,3,0.824
s004015,CREMA-D,neutral,test,160.08898611875935,19.871549283547242,0.6811594202898551,0.1374445996530678,0.10445154372757433,0.05618772644927536,0.02399180796664895,0.0,0,1.0
s005773,CREMA-D,neutral,train,199.65002804261593,44.517647954988284,0.5851063829787234,0.11305311388593722,0.08883378072703256,0.07738218916223404,0.0542224826342297,0.0,0,1.0
s004929,CREMA-D,neutral,test,136.36169253017968,32.851260295017546,0.6533333333333333,0.04023027023138016,0.05001358990802521,0.09789219798657718,0.10847553313194414,0.0,0,1.0
s010617,TESS,neutral,train,201.50593814090777,3.8132279761091756,0.8235294117647058,0.18950519015026443,0.1250197831182046,0.13646024816176472,0.18430859463504395,0.07378584810491429,1,0.9262141518950857
s004841,CREMA-D,neutral,train,189.745341651687,63.942417083420956,0.5882352941176471,0.07448441924295834,0.06305289216866701,0.0698675573224852,0.04037498367366008,0.0,0,1.0
s002353,CREMA-D,neutral,train,122.88011153828029,9.904304569490646,0.2222222222222222,0.06775611573367478,0.07343994214221182,0.08562208850931677,0.10385956869702635,0.0,0,1.0
s001293,CREMA-D,neutral,train,222.32992513287326,12.551729574032356,0.7685185185185185,0.11536197222249453,0.06604627667259272,0.14942768895348837,0.18590983182919152,0.0,0,1.0
s003407,CREMA-D,neutral,train,254.2538016338916,44.2741041663254,0.38596491228070173,0.08870530134248258,0.0749148720843221,0.21308075221238937,0.210935013704237,0.0,0,1.0
s010682,TESS,neutral,train,189.11646574142657,4.9805823086316625,0.9242424242424242,0.2036691181830891,0.11881592237163964,0.12201812977099237,0.16619506787451224,0.0,0,1.0
s003729,CREMA-D,neutral,train,97.45751847081678,10.399409494194835,0.7272727272727273,0.05304937349522815,0.05489147117342013,0.07110396241830065,0.03333609917964965,0.0,0,1.0
s007922,CREMA-D,neutral,validation,154.02466589409616,48.644086147724956,0.7948717948717948,0.06082862430522519,0.050772900645969815,0.1497290826612903,0.19497955289162022,0.0,0,1.0
s001913,CREMA-D,neutral,test,108.1644952046126,11.799714347289033,0.39080459770114945,0.09055123734020296,0.0807986879352611,0.05403084590517242,0.025323221752830086,0.0,0,1.0
s001401,CREMA-D,neutral,test,107.12809680385062,4.459088822070634,0.2878787878787879,0.10005297935144468,0.07977611396043195,0.07950846354166667,0.11483524940856142,0.0,0,1.0
s002803,CREMA-D,neutral,train,135.29423613763464,41.06694030550007,0.4819277108433735,0.10939993665299633,0.089507761919107,0.05571141098484848,0.018554159824972223,0.0,0,1.0
s003023,CREMA-D,neutral,train,182.17848598608603,18.287972595704296,0.4696969696969697,0.11051595970198061,0.0644428032383831,0.06369850852272728,0.05361825774544034,0.0,0,1.0
s006713,CREMA-D,neutral,train,107.72135822243354,12.387735245751804,0.3625,0.07135605973736295,0.06400395428776333,0.059957252358490566,0.030750435832447326,0.0,0,1.0
s010678,TESS,neutral,train,181.90103702732264,4.061030034897828,0.9193548387096774,0.19269381889437392,0.11254043653453907,0.14508701727642276,0.194392845693452,0.016308329351807593,1,0.9836916706481924
s009411,TESS,neutral,validation,188.01422342650028,7.784667103922011,0.7692307692307693,0.253294321636741,0.14950328113743977,0.08920522836538461,0.1361433370862285,0.0,0,1.0
s006631,CREMA-D,neutral,train,119.89567885134035,11.65418367012503,0.4307692307692308,0.05325676118955016,0.07265610834739321,0.06229717548076923,0.03845544986949926,0.0,0,1.0
s001136,CREMA-D,neutral,test,111.25092060380192,11.749064523651807,0.21176470588235294,0.05581938925692264,0.06265397788166682,0.11186236213235294,0.11903609834359002,0.0,0,1.0
s007400,CREMA-D,neutral,train,212.608071564991,15.391194127334138,0.44776119402985076,0.14325004852196174,0.09855643003394825,0.07047283115671642,0.044571039169056303,0.0,0,1.0
s001245,CREMA-D,neutral,train,202.27342272454808,46.49164861597047,0.49504950495049505,0.08218368737314323,0.09005665019348986,0.08068058146766169,0.05184457447861365,0.0,0,1.0
s002381,CREMA-D,neutral,train,105.35977734689455,22.21413101772384,0.6533333333333333,0.06557298065381963,0.08285314623404993,0.05191511115771812,0.03203684190960537,0.0,0,1.0
s006235,CREMA-D,neutral,train,106.26629821737254,14.72897933935644,0.7090909090909091,0.06909254717228075,0.06919041967879949,0.06470283961187215,0.02502592652952258,0.0,0,1.0
s005087,CREMA-D,neutral,train,123.52199040799631,36.431285807323434,0.5694444444444444,0.07404079214514543,0.07489756601357261,0.0674777560763889,0.024533485976024966,0.0,0,1.0
s011183,SAVEE,neutral,train,142.06620324117944,20.218946795988337,0.6106194690265486,0.09583862547607472,0.08131250837648851,0.10860677083333334,0.14745080159701254,0.017857142857142905,1,0.9821428571428571
s000311,RAVDESS,neutral,validation,193.34239853169885,26.373846030476773,0.94,0.1695509818570707,0.09648856485085529,0.11799636994949494,0.12979597349430078,0.0,0,1.0
s003301,CREMA-D,neutral,train,194.7947721813607,21.432123693198246,0.9135802469135802,0.0976692845478006,0.06858074561564907,0.0632036102484472,0.034948599300916296,0.0,0,1.0
s006693,CREMA-D,neutral,train,129.2972755595119,17.910108794924934,0.8115942028985508,0.08206941596619839,0.08725432656377849,0.11783616560218978,0.13310695987667825,0.014705882352941124,0,0.9852941176470589
s009493,TESS,neutral,validation,187.92700774790364,8.23224297504185,0.8,0.21180729057329398,0.12825282773629418,0.1236328125,0.17655048160665546,0.0,0,1.0
s006089,CREMA-D,neutral,train,113.99196333109086,13.662788378844606,0.6949152542372882,0.08306703958501163,0.07449690049821266,0.0670322516025641,0.03354662161331945,0.0,0,1.0
s006317,CREMA-D,neutral,test,101.09132424219138,14.152355993364765,0.20224719101123595,0.05500142683348294,0.05564625071949977,0.059520935744382025,0.02070134251345853,0.0,0,1.0
s008032,CREMA-D,neutral,train,131.0304760431663,17.964966026527062,0.78,0.1508976887497637,0.10642204877590222,0.05716343118686869,0.026701841972001088,0.0,0,1.0
s011282,SAVEE,neutral,test,125.27303162900608,25.66895241495843,0.7804878048780488,0.12111989898318597,0.1037866540476938,0.08554208205521473,0.11591109928328913,0.03703703703703709,2,0.9629629629629629
s004449,CREMA-D,neutral,train,123.75372019462677,19.38025847663874,0.647887323943662,0.06633610576128876,0.06864607131566393,0.059535926496478875,0.02259729377398557,0.0,0,1.0
s004303,CREMA-D,neutral,train,119.20989819769319,11.605004578016342,0.6511627906976745,0.1318226308930059,0.0790931169966041,0.060995412427325583,0.023346565155961625,0.0,0,1.0
s003049,CREMA-D,neutral,train,191.94394942111072,22.070256893935465,0.6352941176470588,0.10832784232303236,0.06810613642170665,0.05143999630177515,0.019142402770598303,0.0,0,1.0
s000793,RAVDESS,neutral,train,129.35324212338983,24.44261458061939,1.0,0.13953586564379272,0.07533293776891051,0.08308131720430108,0.05720471416456544,0.0,0,1.0
s009299,TESS,neutral,validation,183.75222434057804,8.653155427074104,0.828125,0.2019638530764496,0.12151678185344904,0.08470916748046875,0.10983752452074645,0.0,0,1.0
s004109,CREMA-D,neutral,train,153.87682638528545,39.5882858147178,0.573170731707317,0.10101342929150063,0.08647329474599862,0.0943551092791411,0.0972746575845517,0.0,0,1.0
s011212,SAVEE,sad,train,119.04536575362027,13.717159818423665,0.6535947712418301,0.0848868115347062,0.08116571798423756,0.10672067110655738,0.1249113894563496,0.07894736842105265,3,0.9210526315789473
s001113,CREMA-D,sad,test,93.64283461597591,11.860242647057843,0.4722222222222222,0.06367039708291283,0.05937464868300597,0.07523600260416667,0.05747665537221632,0.0,0,1.0
s005238,CREMA-D,sad,train,167.6225499441939,11.514313784752005,0.10377358490566038,0.10891781210616866,0.05729959727392881,0.0528176836492891,0.015522329642323644,0.0,0,1.0
s004091,CREMA-D,sad,train,95.71120360596584,9.783865717922767,0.2638888888888889,0.1267369013124456,0.04291706136722849,0.06196424696180555,0.03561327160469728,0.0,0,1.0
s003332,CREMA-D,sad,train,226.34100902708445,51.46316018636688,0.5063291139240507,0.07223615446572851,0.06833098031134256,0.06136171377388535,0.029460391428243967,0.0,0,1.0
s010758,TESS,sad,train,214.50917204518817,35.78489264480147,0.7681159420289855,0.1730629964918578,0.11338204068969057,0.13969120666058393,0.2316394177902104,0.0,0,1.0
s004310,CREMA-D,sad,train,84.37377334705447,15.01148788112803,0.18181818181818182,0.17091063963192882,0.06367340846890587,0.13884943181818182,0.15855373171764964,0.0,0,1.0
s003818,CREMA-D,sad,train,0.0,0.0,0.0,0.08021768749509968,0.05386753943055046,0.08356672562893082,0.07567817157294994,0.0,0,1.0
s003162,CREMA-D,sad,train,0.0,0.0,0.0,0.09442811202080477,0.05861679462753243,0.12057446676587301,0.1350566668445782,0.0,0,1.0
s005780,CREMA-D,sad,train,140.65582152240734,48.76522435192159,0.5258620689655172,0.10721383112129466,0.06893183991871803,0.0718994140625,0.041805307298077736,0.0,0,1.0
s004602,CREMA-D,sad,validation,129.48460715577838,11.417875183465899,0.44155844155844154,0.15880117317040762,0.1024040836336001,0.08470562704248366,0.09461056679542802,0.0,0,1.0
s010794,TESS,sad,train,220.03955980206902,37.1451545242695,0.75,0.14473719341139848,0.1121460215314582,0.15278764204545456,0.23776309414532432,0.014084507042253502,1,0.9859154929577465
s006700,CREMA-D,sad,train,124.63731243973622,12.508801851712986,0.2857142857142857,0.0917732697710687,0.09411691109642444,0.06786790236928104,0.035504534913606695,0.0,0,1.0
s005112,CREMA-D,sad,train,108.17999856705691,9.33934333315958,0.8421052631578947,0.08309782045452219,0.06605648881632724,0.0525390625,0.026389488619643447,0.0,0,1.0
s009526,TESS,sad,validation,198.66670261078576,38.69413062785533,0.6794871794871795,0.1774106793285858,0.13393997155922355,0.098828125,0.14768124115133152,0.0,0,1.0
s003642,CREMA-D,sad,test,106.50526777039644,9.428366629242978,0.42045454545454547,0.09724503918550909,0.0705137616267946,0.06358753551136363,0.050037065079812426,0.0,0,1.0
s006846,CREMA-D,sad,test,0.0,0.0,0.0,0.13542898256464053,0.06108610855117382,0.0509745796319797,0.02512914916208487,0.0,0,1.0
s000807,RAVDESS,sad,train,105.67580700363814,14.431953555000407,0.95,0.14455416145100564,0.08401252367651549,0.08435366334033613,0.1259111800080156,0.016949152542372836,0,0.9830508474576272
s000980,RAVDESS,sad,train,126.78392897423049,15.788481431962174,0.9090909090909091,0.11564428549459622,0.07713000085314385,0.10432196100917432,0.08576157982446084,0.0,0,1.0
s000320,RAVDESS,sad,validation,229.2257186010795,26.47364619988097,0.8260869565217391,0.15385528123278144,0.12850979706660873,0.12598369069343066,0.13724129158204632,0.11764705882352944,1,0.8823529411764706
s002242,CREMA-D,sad,validation,105.95848700574611,17.113697135428477,0.2676056338028169,0.12700239631911397,0.0734058366063499,0.05497634242957746,0.025614938843068286,0.0,0,1.0
s010724,TESS,sad,train,218.17947779695066,35.72079423648712,0.782608695652174,0.16641841784296355,0.12955752303169804,0.17446253421532848,0.24989788980783412,0.044117647058823484,1,0.9558823529411765
s000458,RAVDESS,sad,validation,183.51269867854108,22.78181598681088,0.8958333333333334,0.14390247417491323,0.08131396514603305,0.11812294407894737,0.14002965826581554,0.0,0,1.0
s003025,CREMA-D,sad,train,205.56799404437868,17.490510146053502,0.5294117647058824,0.12622873734354095,0.05577613057272464,0.05466595818014706,0.047497002195791595,0.0,0,1.0
s002834,CREMA-D,sad,train,174.1170609283742,12.654801816806895,0.2,0.11894356325831053,0.06562038378595507,0.14367752555031446,0.1591611567965544,0.0,0,1.0
s009573,TESS,sad,validation,191.87944857436068,24.53944260451735,0.5609756097560976,0.15620110220582475,0.11964420342124203,0.12591701600609756,0.170817867247256,0.0,0,1.0
s009599,TESS,sad,validation,193.5074259815889,34.736868807463175,0.7619047619047619,0.19930235779888572,0.12145045476546888,0.08386811755952381,0.13099451130471804,0.0,0,1.0
s009619,TESS,sad,validation,194.6288473607782,27.074837624131636,0.5454545454545454,0.12259558611682483,0.10563110544864607,0.10010602678571429,0.15163672605163775,0.011494252873563204,0,0.9885057471264368
s011100,SAVEE,sad,train,177.4799939385315,24.58611544511117,0.9090909090909091,0.1950815541097425,0.14238959001756832,0.13141847566793893,0.145949097073632,0.03076923076923077,2,0.9692307692307692
s010756,TESS,sad,train,218.5422418382658,37.12509728599817,0.7727272727272727,0.17696613157239124,0.11173583656572621,0.14291358540076335,0.21520833925589172,0.0,0,1.0
s007541,CREMA-D,sad,train,111.01787825738832,12.14297870973373,0.8214285714285714,0.07259130087082408,0.0820432554957639,0.05793108258928571,0.04125444377679462,0.0,0,1.0
s002210,CREMA-D,sad,validation,0.0,0.0,0.0,0.17518324958270087,0.046627889484736514,0.04458438648897059,0.017117468267474432,0.0,0,1.0
s002540,CREMA-D,sad,test,81.27093385235199,5.1229669681362235,0.05555555555555555,0.09256838344865376,0.07133379550442544,0.06939019097222222,0.06962882043527624,0.0,0,1.0
s004216,CREMA-D,sad,validation,141.3900285247355,28.847087026364353,0.358695652173913,0.08814698277527223,0.07354509263412402,0.07121475883152174,0.05855025447993195,0.0,0,1.0
s000546,RAVDESS,sad,train,120.31013414302774,17.057394155050922,0.6470588235294118,0.12831487643790643,0.08091519250499753,0.11963374071782178,0.15869872464812596,0.0,0,1.0
s009585,TESS,sad,validation,199.85272617491398,43.48379566462658,0.8714285714285714,0.16537171974112944,0.0960368147634391,0.09001813616071429,0.14868635466266922,0.0,0,1.0
s008437,CREMA-D,sad,test,140.69808701473968,48.409727135299015,0.5205479452054794,0.08003882614717092,0.06809414994276453,0.05266748715753425,0.045454353723613124,0.0,0,1.0
s005346,CREMA-D,sad,train,215.54623816790868,56.67399204530934,0.6753246753246753,0.1220447658226381,0.10576520894563317,0.06101281658496732,0.01951595249810854,0.0,0,1.0
s002172,CREMA-D,sad,train,124.38094215343536,3.569128171481247,0.14285714285714285,0.143764050464545,0.06799190431507392,0.05586635044642857,0.027767831174166323,0.0,0,1.0
s007044,CREMA-D,sad,test,171.36275179813416,47.64996206940657,0.803030303030303,0.12523808062189457,0.06893915757529497,0.0691213896780303,0.052904985722013395,0.0,0,1.0
s010788,TESS,sad,train,216.17692626442576,39.91742799673425,0.8840579710144928,0.14305316568588486,0.08579028355431269,0.1307319972826087,0.23111973663172064,0.0,0,1.0
s009682,TESS,sad,validation,201.60118996282077,28.19337801702382,0.6829268292682927,0.1558655425054362,0.11474183607158793,0.09140982278963415,0.13379213188672062,0.0,0,1.0
s006140,CREMA-D,sad,test,119.52617581152728,40.99204211266096,0.9113924050632911,0.1532718159590557,0.06766078394422498,0.055353055334394906,0.03381224134146519,0.0,0,1.0
s010868,TESS,sad,train,227.348048442517,39.87144563584082,0.7428571428571429,0.17979723189642532,0.1274815902960578,0.12225297886690648,0.20913968771624422,0.0,0,1.0
s009695,TESS,sad,validation,199.3644719487486,31.832769416965004,0.675,0.17595079760067164,0.1284965934880713,0.110357666015625,0.1526689822364362,0.0,0,1.0
s004110,CREMA-D,sad,train,162.167648995764,33.74213625577613,0.34408602150537637,0.1270065073885264,0.108285275884644,0.11728725638440861,0.14158937864604226,0.0,0,1.0
s001125,CREMA-D,sad,test,100.51808736002963,12.257525396767578,0.23157894736842105,0.05494040632130284,0.046296580184378565,0.09275801809210527,0.073615446666215,0.0,0,1.0
s008309,CREMA-D,sad,validation,172.1732589787261,86.58660073511685,0.4606741573033708,0.08736855066852288,0.07667457097615632,0.07269355688202248,0.0690944990789924,0.0,0,1.0
s005158,CREMA-D,sad,train,111.95341147193594,3.360852290216622,0.49230769230769234,0.16387631543553793,0.04936011646996261,0.060960036057692304,0.04962922544099948,0.0,0,1.0
s007787,CREMA-D,sad,train,80.10596352878413,13.701698078726231,0.8876404494382022,0.12966095603835048,0.11160001377216319,0.049354810393258425,0.04285389683713648,0.0,0,1.0
s006797,CREMA-D,sad,test,0.0,0.0,0.0,0.09577984712694003,0.04544698192509081,0.05262398097826087,0.02132310598299498,0.0,0,1.0
s002128,CREMA-D,sad,train,225.67519365323477,3.8165377712568285,0.21311475409836064,0.1052437195600557,0.07014494327042634,0.048610214359504134,0.01994512723008857,0.0,0,1.0
s007653,CREMA-D,sad,train,102.13826543308731,6.050815376695702,0.6666666666666666,0.1547482971777052,0.09212587958628791,0.056548867449664426,0.024256476068892894,0.0,0,1.0
s003372,CREMA-D,sad,train,270.8778945419528,55.74056494679776,0.5842696629213483,0.13216714657257111,0.1075178564527428,0.09660287921348315,0.12477307453546367,0.0,0,1.0
s009557,TESS,sad,validation,204.3950903787756,40.43141479904589,0.6987951807228916,0.19263365886766803,0.118609538230755,0.11372514204545454,0.1618453367293451,0.0,0,1.0
s004254,CREMA-D,sad,train,192.7797302358427,13.741194228921554,0.31645569620253167,0.1169357818260694,0.07985223066320098,0.06050333399681529,0.026240138838574213,0.0,0,1.0
s005206,CREMA-D,sad,train,91.89583456853323,15.908232063106674,0.5416666666666666,0.11662868356021742,0.05402693821073969,0.058085123697916664,0.02665514745614765,0.0,0,1.0
s003894,CREMA-D,sad,train,105.73331633532734,18.982867651767116,0.7142857142857143,0.0692920122848271,0.06638142248341349,0.06935740041208792,0.03710485000956958,0.0,0,1.0
s009558,TESS,sad,validation,204.0996573094171,21.679604124466795,0.5569620253164557,0.18598558464840909,0.11202599005003785,0.11845640923566879,0.16004817514404285,0.0,0,1.0
s001024,RAVDESS,sad,train,219.78420191962942,33.51050321667754,0.9420289855072463,0.08773365018236702,0.08749673637861546,0.1556013343978102,0.1438733944380586,0.014705882352941124,1,0.9852941176470589
